imdb_title_id,title,year,genre,duration,avg_vote
tt0120630,Galline in fuga,2000,"Animation, Adventure, Comedy",84,7
tt0120912,Men in Black II,2002,"Action, Adventure, Comedy",88,6.2
tt0126029,Shrek,2001,"Animation, Adventure, Comedy",90,7.8
tt0133063,Lightmaker,2001,Fantasy,89,7
tt0138749,La strada per El Dorado,2000,"Animation, Adventure, Comedy",89,6.9
tt0149367,Per amore dei soldi,2000,"Drama, Comedy, Crime",89,6.2
tt0154187,The Bacchae,2002,Drama,90,6.8
tt0155723,A Good Baby,2000,Drama,87,6.8
tt0155754,Il ricordo di un aprile,2000,"Drama, Family, War",90,6.3
tt0162942,A zöld sárkány gyermekei,2010,Drama,89,6.8
tt0163141,La parenthèse enchantée,2000,"Comedy, Romance",88,6
tt0165982,Sinbad - La leggenda dei sette mari,2003,"Animation, Adventure, Family",88,6.7
tt0166813,Spirit - Cavallo selvaggio,2002,"Animation, Adventure, Drama",83,7.1
tt0167116,Desert Saints,2002,"Action, Romance, Thriller",88,6
tt0170549,Savage Honeymoon,2000,Comedy,90,6.1
tt0173716,A morte Hollywood,2000,"Comedy, Crime, Thriller",87,6.3
tt0174732,AAA cercasi fidanzata disperatamente,2001,"Comedy, Romance",89,6.2
tt0175142,"Scary Movie - Senza paura, senza vergogna... senza cervello!",2000,Comedy,88,6.2
tt0175557,O Delfim,2002,Drama,88,6.5
tt0178043,Stranger Than Fiction - Un incubo senza fine,2000,"Thriller, Comedy",90,6.3
tt0183869,Taxxi 2,2000,"Action, Comedy, Crime",88,6.5
tt0184719,Maryam,2002,Drama,87,6.5
tt0192788,Where the Red Fern Grows,2003,"Drama, Family",86,6.4
tt0193701,Accelerator,2000,"Action, Comedy",86,6.3
tt0194218,Panic,2000,"Comedy, Crime, Drama",88,6.6
tt0194519,We Married Margo,2000,Comedy,85,6.7
tt0195001,Kanak Attack,2000,Drama,86,6.8
tt0196229,Zoolander,2001,Comedy,90,6.5
tt0197311,Boesman and Lena,2000,Drama,90,6.1
tt0197392,L'esercito degli angeli,2000,"Biography, Comedy",88,6.3
tt0199077,Preferisco il rumore del mare,2000,Drama,84,6.4
tt0201888,Rent a Friend,2000,"Comedy, Romance",90,6.9
tt0202256,DoppelPack,2000,Comedy,88,6.6
tt0203119,Sexy Beast - L'ultimo colpo della bestia,2000,"Crime, Drama, Thriller",89,7.3
tt0203620,Kimi ga wakamono nara,2000,"Action, Crime",89,6.7
tt0205738,AmnesiA,2001,"Drama, Comedy, Mystery",90,6.6
tt0206762,Friends and Family,2001,"Comedy, Crime",87,6.2
tt0208298,C'era una volta Gesù,2000,"Animation, Biography, Drama",90,6.9
tt0210943,La fidanzata ideale,2000,Comedy,87,6.5
tt0211718,Vengo - demone flamenco,2000,"Musical, Drama",90,7.4
tt0211919,Angst,2000,"Comedy, Romance",86,6.2
tt0211933,Awake - Anestesia cosciente,2007,"Crime, Drama, Mystery",84,6.5
tt0212132,The Tracker,2002,"Drama, History, Western",90,7.3
tt0212974,Groove,2000,"Drama, Music",86,6.6
tt0213561,Christie Malry's Own Double-Entry,2000,"Drama, Thriller",89,6.6
tt0214959,Le monde de Marty,2000,Drama,89,6.8
tt0215139,Russian Doll,2001,"Comedy, Drama, Romance",90,6
tt0215841,Hijack Stories,2000,"Crime, Drama",90,6.4
tt0216750,Furore cieco,2000,"Crime, Drama, Thriller",84,6.2
tt0217084,Examen,2003,Drama,90,7.7
tt0217119,Un affare di gusto,2000,"Crime, Thriller, Drama",90,6.8
tt0217824,Goodbye Charlie Bright,2001,Drama,87,6.3
tt0218839,Campioni di razza,2000,Comedy,90,7.4
tt0219405,Waydowntown,2000,Comedy,87,6.7
tt0220627,Maelström,2000,Drama,87,7
tt0220651,Morir (o no),2000,Drama,89,6.9
tt0221559,On the Edge,2001,Drama,85,7
tt0221837,Borderline Normal,2001,Drama,85,6.2
tt0223856,The Opponent,2000,"Drama, Sport",90,6.3
tt0225100,Asfalto,2000,Drama,90,6.1
tt0228239,3 Chinesen mit dem Kontrabass,2000,"Comedy, Crime, Thriller",88,6.6
tt0228277,Everything Put Together,2000,Drama,87,6.2
tt0230025,Bartleby,2001,"Comedy, Drama, Mystery",83,6.4
tt0230631,The Perfect Son,2000,Drama,89,6.4
tt0234374,Olivetti 82,2001,"Drama, Thriller",88,6.4
tt0234837,Suzhou River,2000,"Drama, Romance",83,7.4
tt0235108,À l'attaque!,2000,"Comedy, Drama",90,6.2
tt0235618,The Nine Lives of Tomas Katz,2000,"Comedy, Drama, Fantasy",87,7
tt0236598,Piao liang ma ma,2000,Drama,90,7
tt0237993,101 Reykjavík,2000,"Comedy, Romance",88,6.8
tt0238119,Chlopaki nie placza,2000,"Comedy, Crime",90,7.6
tt0239020,De grot,2001,"Romance, Thriller, Crime",90,6.4
tt0239695,Uneasy Riders,2000,"Comedy, Drama",90,6.8
tt0240156,Unshackled,2000,Drama,90,6.3
tt0240389,Brooklyn Babylon,2001,"Drama, Music, Romance",89,6
tt0240890,Serendipity - Quando l'amore è magia,2001,"Comedy, Romance",90,6.9
tt0241492,Going Off Big Time,2000,Thriller,86,6.2
tt0243135,Le battement d'ailes du papillon,2000,"Comedy, Drama, Romance",90,6.8
tt0243222,The Doe Boy,2001,"Drama, Romance",85,7
tt0243493,L'apparenza inganna,2001,Comedy,84,7
tt0243595,Kill Me Later,2001,"Crime, Drama, Thriller",89,6.3
tt0243794,El Bola,2000,Drama,88,7.2
tt0244624,Le avventure e gli amori di Lazaro De Tormes,2000,"Comedy, Drama",88,6
tt0245530,Omicidio in paradiso,2001,Comedy,89,6.5
tt0245910,Ftina tsigara,2000,"Comedy, Romance",85,7.5
tt0246037,Lift,2001,"Crime, Drama",85,6.2
tt0246158,Les portes de la gloire,2001,"Comedy, Drama",89,6.4
tt0246266,Lavagne,2000,"Drama, War",88,6.9
tt0246464,Big trouble - Una valigia piena di guai,2002,"Comedy, Crime, Thriller",85,6.5
tt0247905,76-89-03,2000,Comedy,85,7.2
tt0248093,Honolulu,2001,"Comedy, Drama, Romance",90,6.3
tt0248408,Der Schuh des Manitu,2001,"Comedy, Western",87,6.7
tt0248601,Vergiss Amerika,2000,"Drama, Romance",90,6.9
tt0248628,Alaska.de,2000,"Drama, Romance, Thriller",89,6.4
tt0248770,Drakarna över Helsingfors,2001,Drama,90,6.1
tt0248924,Jebiga,2000,Comedy,90,6.9
tt0249172,The Suicide Club,2000,Drama,89,6
tt0249542,Goebbels und Geduldig,2001,"Comedy, War, Drama",90,6
tt0249893,The Price of Milk,2000,"Comedy, Drama, Fantasy",87,6.7
tt0249947,Seitsemän laulua tundralta,2000,"Drama, History",90,6.4
tt0250081,Storytelling,2001,"Comedy, Drama, Romance",87,6.8
tt0250292,Cheats,2002,Comedy,86,6.1
tt0250625,Way Off Broadway,2001,Drama,87,6.5
tt0250638,PTU,2003,"Crime, Drama, Thriller",88,6.9
tt0250837,Der Überfall,2000,"Comedy, Crime, Drama",84,6.7
tt0251031,Contenders serie 7,2001,"Comedy, Thriller",86,6.5
tt0251736,La casa dei 1000 corpi,2003,Horror,89,6.1
tt0251797,Leo,2000,"Drama, Thriller",86,6.1
tt0253126,High Heels and Low Lifes,2001,"Action, Comedy, Drama",86,6.2
tt0253225,Mademoiselle,2001,"Comedy, Drama, Romance",85,6.5
tt0253586,Revolution #9,2001,Thriller,90,6.5
tt0253798,Out Cold,2001,"Comedy, Sport",89,6.4
tt0254199,CQ,2001,"Drama, Comedy, Sci-Fi",88,6.2
tt0254749,Sanam,2000,Drama,88,6.4
tt0255094,Il cerchio,2000,Drama,90,7.4
tt0255321,Liam,2000,Drama,90,6.9
tt0255589,L'isola,2000,"Drama, Thriller",90,7
tt0256627,Azzurro,2000,Drama,84,6.7
tt0257245,Une jeune fille à la fenêtre,2001,Drama,90,7.1
tt0258100,Run Ronnie Run,2002,Comedy,86,6.3
tt0259340,Grégoire Moulin contre l'humanité,2001,"Comedy, Romance",90,7
tt0260193,La moitié gauche du frigo,2000,Comedy,90,7
tt0260594,Íslenski draumurinn,2000,"Comedy, Sport",90,7
tt0260910,Fortuna,2000,Comedy,85,6.1
tt0260992,Juliet in love,2000,"Drama, Romance",89,7.1
tt0261125,A War Named Desire,2000,"Action, Romance, Thriller",89,6.6
tt0261546,Las aventuras de Dios,2000,"Drama, Fantasy",84,6.1
tt0262196,19,2000,"Comedy, Drama",83,7.1
tt0262210,Adanggaman,2000,Drama,90,6.9
tt0262432,George Washington,2000,Drama,89,7.3
tt0262690,Pismo do Amerika,2000,Drama,90,7.5
tt0263328,El factor Pilgrim,2000,"Comedy, Crime, Drama",87,6
tt0263366,De fûke,2000,"Drama, War",90,6.8
tt0263488,Jeepers Creepers - Il canto del diavolo,2001,"Horror, Mystery",90,6.2
tt0264319,Drift,2001,Drama,89,6.2
tt0264944,Los niños invisibles,2001,"Comedy, Drama",90,6.9
tt0265274,Landysh serebristyy,2000,"Comedy, Musical, Romance",88,6.5
tt0266078,Yolngu Boy,2001,"Adventure, Drama",88,6.5
tt0266437,DMB,2000,Comedy,90,7.5
tt0266915,Colpo grosso al drago rosso - Rush Hour 2,2001,"Action, Comedy, Crime",90,6.6
tt0267129,Yamakasi - I nuovi samurai,2001,"Action, Drama, Crime",90,6.2
tt0268917,Amatørene,2001,"Comedy, Crime, Drama",88,6.3
tt0269341,Un gioco per due,2001,"Comedy, Romance",90,6.2
tt0269389,Jalla! Jalla!,2000,"Comedy, Drama, Romance",88,6.7
tt0269483,Stella solitaria,2002,"Comedy, Crime",88,6.1
tt0269969,Tôkyô gomi onna,2000,"Adventure, Comedy, Romance",88,6.7
tt0270197,American Gun,2002,Drama,89,6.3
tt0270259,The Business of Strangers,2001,"Drama, Thriller",84,6.3
tt0270487,MacArthur Park,2001,"Action, Drama",86,6.1
tt0270500,Mashehu Totali,2000,"Adventure, Romance",83,6.9
tt0270969,Gipusu,2000,Drama,83,6.1
tt0271003,Ikíngut,2000,"Action, Adventure, Drama",90,6.3
tt0271259,Welcome to Collinwood,2002,"Comedy, Crime",86,6.4
tt0271637,Met grote blijdschap,2001,Drama,90,7.1
tt0273253,Haiku Tunnel,2001,Comedy,88,6.2
tt0273544,Domani,2001,Drama,88,6.5
tt0273833,Mongoland,2001,"Comedy, Drama, Romance",84,6.6
tt0273840,Moszkva tér,2001,"Comedy, Drama, Romance",88,7.8
tt0274166,Johnny English,2003,"Action, Adventure, Comedy",89,6.2
tt0274708,Passing Stones,2001,Comedy,90,6.9
tt0275719,Tape,2001,Drama,86,7.3
tt0275847,Lilo & Stitch,2002,"Animation, Adventure, Comedy",85,7.2
tt0276110,La storia di Erika e Klaus Mann,2000,"Biography, Drama",85,6.3
tt0277092,Latitude Zero,2001,Drama,85,6.5
tt0277171,Ho incontrato Jimi Hendrix,2003,"Comedy, Drama, Music",90,6.4
tt0277578,Anita no perd el tren,2001,"Comedy, Drama",89,6.3
tt0277607,Blagajnica hoce ici na more,2000,Comedy,86,6.1
tt0277615,Bug,2002,Comedy,86,7
tt0277919,Nebo sateliti,2000,"Drama, Fantasy, War",85,6.3
tt0278493,I Am Josh Polonski's Brother,2001,Drama,87,6.7
tt0278554,Mars Turkey,2001,"Comedy, Crime, Drama",90,7.1
tt0279064,Elling,2001,"Comedy, Drama",89,7.5
tt0279231,Minouche la gatta,2001,"Comedy, Family, Fantasy",86,6.8
tt0279248,Munje!,2001,Comedy,90,7.9
tt0279494,Vertiges de l'amour,2001,Comedy,84,6.1
tt0279765,De la calle,2001,Drama,84,7
tt0279783,Domésticas: O Filme,2001,"Comedy, Drama",85,7.1
tt0280015,Nadie te oye: Perfume de violetas,2001,Drama,90,7.1
tt0280933,Mein langsames Leben,2001,Drama,85,6.6
tt0281749,Criss Cross,2001,"Crime, Thriller",88,6.1
tt0282129,Rosarigasinos,2001,"Comedy, Drama",90,6.6
tt0282515,Gangsters,2002,"Action, Crime, Drama",90,6.4
tt0282526,Giorni,2001,Drama,83,6
tt0282744,Mike Bassett: England Manager,2001,"Comedy, Sport",89,6.9
tt0282917,Rok dábla,2002,"Comedy, Drama, Fantasy",88,7.3
tt0283084,Tuck everlasting: Vivere per sempre,2002,"Drama, Family, Fantasy",90,6.6
tt0283269,Boomerang,2001,Comedy,87,7.3
tt0283323,Down and Out with the Dolls,2001,"Comedy, Music",88,6.6
tt0283366,Gypsy Woman,2001,Romance,84,6
tt0283383,Herencia,2001,Drama,90,7.1
tt0283422,Ritorno a casa,2001,"Comedy, Drama",90,6.9
tt0283431,Viaggio a Kandahar,2001,"Biography, Drama, War",85,6.8
tt0283469,Martin & Orloff,2002,Comedy,87,6.6
tt0283476,"Mercano, el marciano",2002,"Animation, Comedy, Sci-Fi",87,6.6
tt0284217,1 na 1,2002,Drama,90,6.7
tt0284229,Karmen Geï,2001,"Musical, Romance, Drama",86,6
tt0284381,El palo,2001,Comedy,87,6.1
tt0284478,Charlotte Sometimes,2002,"Drama, Romance",85,6.5
tt0284492,Syostry,2001,"Crime, Drama",83,7.1
tt0284494,Skins,2002,"Crime, Drama",84,7.1
tt0284631,Walking on Water,2002,Drama,90,6.4
tt0284837,Ali G Indahouse,2002,Comedy,85,6.2
tt0285300,Loenatik - De moevie,2002,"Comedy, Family",90,6.8
tt0285534,Dunsmore,2003,Drama,89,6.5
tt0285566,Folk flest bor i Kina,2002,"Drama, Comedy",85,6.9
tt0285848,Anyangde guer,2001,Drama,84,6.8
tt0285874,Le parole di mio padre,2001,Drama,90,6.7
tt0286058,Secret Passage,2004,Drama,90,6.3
tt0286560,Copacabana,2001,"Comedy, Drama",90,6.3
tt0286915,Duct Tape Forever,2002,Comedy,90,6.2
tt0287364,La chatte à deux têtes,2002,Drama,90,6
tt0287641,Pól serio,2000,"Comedy, Sci-Fi",85,6.2
tt0287708,Slogans,2001,"Comedy, Drama",90,7.3
tt0288491,Czesc Tereska,2001,Drama,86,7
tt0288838,"Taxi, un encuentro",2001,Drama,90,6.6
tt0288861,Van God los,2003,"Crime, Drama, Thriller",83,7.2
tt0289074,Asphalt Zahov,2000,"Drama, Romance",87,6.6
tt0289076,At klappe med een hånd,2001,Comedy,85,6.5
tt0289320,Marfa si banii,2001,"Drama, Thriller",90,7.3
tt0290329,Visitor Q,2001,"Comedy, Drama, Horror",84,6.6
tt0290641,H3,2001,Drama,88,6.5
tt0290867,La spagnola,2001,"Comedy, Drama",87,6.2
tt0291183,Frágil Como o Mundo,2001,"Drama, Romance",90,7
tt0291213,Big girls don't cry - La vita comincia oggi,2002,Drama,87,6.9
tt0291350,Millennium Actress,2001,"Animation, Drama, Fantasy",87,7.9
tt0291507,Taxi Para Tres,2001,"Crime, Drama, Thriller",90,6.9
tt0291535,Un onesto trafficante,2002,"Crime, Thriller",86,7.1
tt0292066,Lan Yu,2001,"Drama, Romance",86,7.1
tt0292459,The Boys of Sunset Ridge,2001,Drama,90,6
tt0292895,L'afrance,2001,"Drama, Romance",90,6.9
tt0293117,Déjala correr,2001,"Comedy, Fantasy, Drama",86,6.2
tt0293146,Face,2002,Drama,89,6.3
tt0293664,Treed Murray,2001,"Drama, Thriller",90,7.3
tt0295238,Personal Velocity - Il momento giusto,2002,"Drama, Romance",86,6.5
tt0295362,Chaos,2000,"Crime, Mystery, Thriller",90,6.6
tt0295526,Leaving Metropolis,2002,"Comedy, Drama, Romance",89,6.1
tt0295636,Stille Liebe,2001,Drama,90,6.9
tt0295661,"Tirana, année zéro",2001,Comedy,89,6.3
tt0295682,The Warrior,2001,"Adventure, Drama",86,6.7
tt0295700,Wrong Turn - Il bosco ha fame,2003,"Horror, Thriller",84,6.1
tt0295743,Vendredi soir,2002,"Drama, Romance",90,6.7
tt0295876,Beneath Clouds,2002,"Drama, Romance",90,7
tt0296166,Le donne vere hanno le curve,2002,"Comedy, Drama",90,6.8
tt0296619,I figli della pioggia,2003,"Animation, Adventure, Fantasy",90,6.8
tt0296625,Fais-moi des vacances,2002,"Comedy, Drama",86,6.1
tt0296707,Khaled,2001,Drama,85,7.1
tt0296915,Valentin,2002,"Comedy, Drama, Romance",86,7.6
tt0297038,Bruce Lee in G.O.D.: Shibôteki yûgi,2000,Biography,90,6.5
tt0297132,Garcea si oltenii,2001,Comedy,90,6
tt0297213,Furia,2002,"Action, Drama",83,7.3
tt0297403,South West 9,2001,Drama,90,6
tt0297753,La profezia di Kaena,2003,"Animation, Adventure, Family",85,6
tt0297856,I giorni di Nietzsche a Torino,2001,Drama,85,6.3
tt0297871,Eierdiebe,2003,"Comedy, Drama, Romance",87,6.8
tt0297876,Les enfants de l'amour,2002,Drama,90,6.6
tt0298337,Slipp Jimmy fri,2006,"Animation, Comedy",86,6
tt0298482,Nothing,2003,"Comedy, Fantasy",90,6.2
tt0298577,Tornando a casa,2001,Drama,88,6.1
tt0298786,Caramuru: A Invenção do Brasil,2001,"Comedy, Fantasy, Romance",85,6.5
tt0299594,Brève traversée,2001,"Comedy, Drama, Romance",84,6.8
tt0299854,L'uomo senza legge,2002,"Action, Crime, Drama",88,6.2
tt0300949,Apartment #5C,2002,Thriller,88,6.3
tt0301414,L'uomo del treno,2002,"Crime, Drama, Thriller",90,7.1
tt0301481,Jol,2001,Drama,85,6.7
tt0301978,Dieci,2002,Drama,89,7.5
tt0302361,Bookies,2003,"Comedy, Crime, Drama",88,6
tt0302758,Mari iyagi,2002,"Animation, Drama, Fantasy",86,6.6
tt0302886,Old School,2003,Comedy,88,7.1
tt0303374,Paradox Lake,2002,Drama,85,6.3
tt0303661,Anita & Me,2002,"Comedy, Drama",89,6.4
tt0304638,Rolling Kansas,2003,Comedy,89,6.2
tt0304907,La Vita che mi Uccide,2002,Drama,89,6.6
tt0305229,Al qods fee yom akhar,2002,"Drama, Comedy",90,6.4
tt0305882,The Nature of Nicholas,2002,"Drama, Horror, Romance",90,6.2
tt0305884,Ndeysaan,2001,Drama,90,6.8
tt0305999,The Rage in Placid Lake,2003,Comedy,89,6.9
tt0306097,Stratosphere Girl,2004,"Drama, Mystery",85,6.4
tt0306359,Love Song: Monrak Transistor,2001,"Comedy, Drama, Musical",90,7.3
tt0307077,Mein erstes Wunder,2002,Drama,90,7
tt0307109,The Lost Skeleton of Cadavra,2001,"Comedy, Horror, Sci-Fi",90,7
tt0307453,Shark Tale,2004,"Animation, Adventure, Comedy",90,6
tt0307538,Swing,2002,"Comedy, Drama, Music",90,7.3
tt0307568,Cuore di lupo,2002,Drama,87,6.3
tt0307913,Abouna,2002,Drama,84,6.6
tt0308058,A Bomba,2002,"Action, Comedy",90,6.5
tt0308129,Conspiracy of Silence,2003,"Crime, Drama, Thriller",90,6.4
tt0308152,Dead End,2003,"Adventure, Horror, Mystery",85,6.6
tt0308363,Aspettando la felicità,2002,"Drama, Music",90,6.7
tt0308365,Herz über Kopf,2001,"Drama, Romance",90,6.6
tt0308411,Interview with the Assassin,2002,Drama,88,6.5
tt0309114,Ének a csodaszarvasról,2002,"Animation, Fantasy, History",89,7
tt0309291,Aoi haru,2001,Drama,83,7.3
tt0309404,Bungalow,2002,Drama,85,6.6
tt0309593,Final Destination 2,2003,"Horror, Thriller",90,6.2
tt0309698,Identità,2003,"Mystery, Thriller",90,7.3
tt0309832,Maléfique,2002,"Fantasy, Horror, Mystery",90,6.4
tt0309897,Nada,2001,"Comedy, Romance",90,6.3
tt0310029,Pulsação Zero,2002,"Action, Comedy, Crime",83,7
tt0310154,Cose di questo mondo,2002,Drama,88,7.3
tt0310203,Sta' zitto... non rompere,2003,"Comedy, Crime",85,7.1
tt0310826,"Bus, jeong ryu-jang",2002,"Drama, Romance",90,6.2
tt0311081,Ernstfall in Havanna,2002,Comedy,86,6.4
tt0311403,Klassenfahrt,2002,"Drama, Romance",86,6.5
tt0311539,To monon tis zois tou taxeidion,2001,"Biography, Drama",87,7
tt0312004,Wallace & Gromit - La maledizione del coniglio mannaro,2005,"Animation, Adventure, Comedy",85,7.4
tt0312014,"Wesh wesh, qu'est-ce qui se passe?",2001,Drama,83,6.9
tt0312612,Des chiens dans la neige,2002,"Crime, Drama, Mystery",90,6.1
tt0313021,Der Wixxer,2004,"Comedy, Crime, Mystery",85,6.2
tt0313812,Yuk lui tim ding,2001,Comedy,90,6
tt0314111,Gojira X Mekagojira,2002,"Action, Family, Sci-Fi",88,6.7
tt0314366,Megamalhar,2001,"Musical, Romance",90,7.2
tt0315957,Hiçbiryerde,2002,Drama,90,6.6
tt0316188,Long Way Home,2002,"Drama, Romance",88,7.2
tt0316954,A+ Pollux,2002,"Comedy, Drama, Romance",90,6.1
tt0317269,Ku qi de nü ren,2002,"Drama, Comedy",90,7
tt0317476,L'angelo della spalla destra,2002,"Comedy, Drama, Fantasy",89,6.8
tt0317640,The Hebrew Hammer,2003,Comedy,85,6.1
tt0317842,Knafayim Shvurot,2002,Drama,87,7.4
tt0319470,The Guys,2002,Drama,84,6.3
tt0319683,Khab-e sefid,2002,"Comedy, Drama",90,7
tt0320668,Two Days,2003,Drama,87,6.3
tt0320795,Zvenenje v glavi,2002,Thriller,90,6.7
tt0321440,Vendette di famiglia,2003,Comedy,90,6.1
tt0322023,Piccole bugie travestite,2003,Comedy,90,6.5
tt0322189,Efapax,2001,Comedy,85,6.4
tt0322423,Glosniej od bomb,2001,"Comedy, Drama, Romance",87,6.8
tt0322621,Hey DJ,2003,"Comedy, Drama, Music",86,6.5
tt0322807,Jagoda: Fragole al supermarket,2003,"Action, Comedy, Adventure",83,6.5
tt0323103,"Long Life, Happiness & Prosperity",2002,"Comedy, Drama, Family",90,6.5
tt0323633,Melvin Goes to Dinner,2003,"Comedy, Drama, Romance",83,6.8
tt0324175,Te busco,2002,"Comedy, Drama, Romance",84,6.1
tt0325191,Sabah,2005,"Comedy, Drama, Romance",86,6.7
tt0325234,The Delicate Art of Parking,2003,Comedy,86,6.4
tt0325596,The I Inside,2004,"Mystery, Sci-Fi, Thriller",90,6.1
tt0325733,Was nützt die Liebe in Gedanken,2004,"Drama, Romance",89,7.1
tt0325734,Liegen lernen,2003,"Comedy, Drama, Romance",87,6.8
tt0326174,Smoking Room,2002,Drama,88,6.7
tt0327084,La gang del bosco,2006,"Animation, Adventure, Comedy",83,6.7
tt0327201,Il cuore criminale delle donne,2002,Drama,90,6
tt0327226,Verrückt nach Paris,2002,"Comedy, Drama",90,6.2
tt0327753,Funny Ha Ha,2002,"Comedy, Drama, Romance",85,6.5
tt0328077,Love Object,2003,"Drama, Horror, Romance",88,6.3
tt0328078,Love That Boy,2003,Drama,85,6.3
tt0328132,Menolippu Mombasaan,2002,"Comedy, Drama",88,6
tt0328390,Second Best,2004,Comedy,86,6
tt0328509,Le tango des Rashevski,2003,"Drama, Romance",90,6.6
tt0328727,Das Verlangen,2002,Drama,90,6.1
tt0328825,Al primo soffio di vento,2002,Drama,85,7.3
tt0328880,"Koda, fratello orso",2003,"Animation, Adventure, Comedy",85,6.8
tt0328901,Blue Moon,2002,"Adventure, Comedy, Romance",90,6.5
tt0329297,American Girl,2002,"Comedy, Crime, Drama",88,6
tt0329355,Marion Bridge,2002,Drama,90,6.7
tt0329429,Nizhalkkuthu,2002,Drama,90,7.2
tt0329485,Il miracolo della farfalla,2002,"Adventure, Comedy, Drama",85,7.2
tt0330073,Der Bockerer IV - Prager Frühling,2003,Drama,90,6
tt0330496,Joshua Oh Joshua,2001,"Comedy, Drama, Family",90,6.4
tt0330602,Mambo Italiano,2003,"Comedy, Drama, Romance",88,6.7
tt0331698,Milchwald,2003,Drama,87,6.6
tt0331811,Ore 11:14 - Destino fatale,2003,"Crime, Drama, Mystery",86,7.2
tt0332239,Le marais,2002,"Drama, Fantasy",85,6.4
tt0332260,Camel(s),2001,Drama,90,6.6
tt0332699,Mondo Meyer Upakhyan,2002,Drama,90,6.6
tt0332743,Salomé,2002,Musical,85,7
tt0333373,Due amici,2002,Drama,86,7
tt0333645,Istgah-Matrouk,2002,Drama,88,6.7
tt0333764,Incrocio d'amore,2002,"Drama, Romance",85,7.3
tt0334237,Rezervni deli,2003,Drama,87,6.9
tt0334551,Tu,2003,Drama,90,7
tt0336432,Filles uniques,2003,Comedy,85,6.2
tt0336910,9 Dead Gay Guys,2002,"Comedy, Crime",83,6.2
tt0337631,I ragazzi di Clare,2003,"Comedy, Music, Romance",90,6.5
tt0337857,The Beat,2003,"Action, Comedy, Drama",85,6
tt0338075,Grand Theft Parsons,2003,"Adventure, Comedy, Drama",88,6
tt0338085,Haaveiden kehä,2002,"Comedy, Drama",85,6.3
tt0338096,Dirty Dancing 2,2004,"Drama, Music, Romance",86,6
tt0338543,Wake,2003,Drama,90,6.6
tt0338732,Aram,2002,Drama,90,7.2
tt0338789,"Binecuvântatã fii, închisoare",2002,Drama,90,7.4
tt0339149,Himmelfall,2002,"Comedy, Drama, Family",83,6.7
tt0339230,Kops,2003,"Action, Comedy",90,6.7
tt0339482,L'outremangeur,2003,"Crime, Drama",90,6.3
tt0339489,Killing words - Parole assassine,2003,"Crime, Drama, Thriller",89,7.1
tt0339559,Rapsodiya v byalo,2002,"Comedy, Drama",86,6.6
tt0339643,Secret de banlieue,2002,Thriller,90,6.7
tt0339748,Sukedachi-ya Sukeroku,2001,"Action, Comedy, Drama",88,6.7
tt0340147,Happily Even After,2004,"Comedy, Romance",88,6.4
tt0340149,Hatley High,2003,"Comedy, Romance",90,6.1
tt0340377,The Station Agent,2003,"Comedy, Drama",89,7.6
tt0341455,Makdee,2002,"Comedy, Fantasy, Horror",90,7.4
tt0341578,Shouf shouf habibi!,2004,"Comedy, Drama",89,6.1
tt0342329,Emigranti,2002,Drama,85,6
tt0342419,A Filha,2003,"Drama, Horror, Thriller",90,6.4
tt0342717,Joy Road,2004,"Crime, Drama",88,6.2
tt0342778,Xun qiang,2002,"Crime, Drama, Mystery",90,6.6
tt0343135,...E alla fine arriva Polly,2004,"Comedy, Romance",90,6
tt0344485,Toutes ces belles promesses,2003,"Drama, Romance",85,6.6
tt0344766,15: The Movie,2003,"Drama, Comedy",90,6.1
tt0345950,SpongeBob - Il film,2004,"Animation, Action, Adventure",87,7.1
tt0347131,Los guantes mágicos,2003,"Drama, Comedy",90,6.8
tt0347200,Hoteru haibisukasu,2002,Comedy,90,6.9
tt0347207,Oggi e Domani - Il Destino Muta Ogni Istante,2003,Drama,87,6.1
tt0347678,Nos enfants chéris,2003,"Comedy, Drama",86,6.2
tt0347720,Svjedoci,2003,"Drama, War",90,6.8
tt0347996,Sheng shi chuan shuo,2000,"Action, Adventure, Family",90,6.8
tt0348874,Le soleil assassiné,2003,"Biography, Drama",85,6.4
tt0349048,011 Beograd,2003,Drama,83,6.5
tt0349340,Dead Bodies,2003,"Comedy, Drama, Horror",88,6.3
tt0349686,Kiss and Run,2002,"Comedy, Drama, Romance",88,6.2
tt0349995,Prendimi l'anima,2002,"Biography, Drama, Romance",90,6.7
tt0351172,"Kelj fel, komám, ne aludjál",2002,"Comedy, Drama",85,6.2
tt0351283,Madagascar,2005,"Animation, Adventure, Comedy",86,6.9
tt0351977,A testa alta,2004,"Action, Crime",86,6.3
tt0352925,Tongan Ninja,2002,"Action, Comedy, Musical",83,6
tt0353014,Wonderful Days,2003,"Animation, Action, Adventure",86,6.7
tt0354356,CinquePerDue - Frammenti di vita amorosa,2004,"Drama, Romance",90,6.6
tt0355029,Wolfsburg,2003,Drama,90,7.2
tt0355611,Jonny Vang,2003,"Comedy, Drama, Mystery",85,6.3
tt0355683,Ein Leben lang kurze Hosen tragen,2002,"Crime, Drama",83,6.9
tt0356176,La Foresta Misteriosa,2003,"Adventure, Horror, Mystery",85,6.2
tt0356317,25 degrés en hiver,2004,"Comedy, Drama",90,6.6
tt0356453,Cama adentro,2004,Drama,83,7
tt0356485,Conversaciones con mamá,2004,"Drama, Comedy",90,7.3
tt0357127,Salt,2003,Drama,86,6.5
tt0357158,Sexless,2003,"Comedy, Romance",90,6
tt0357773,Egy hét Pesten és Budán,2003,Drama,90,6.3
tt0358559,Blessing Bell,2002,"Comedy, Drama",87,7.2
tt0358670,Rengeteg,2003,Drama,88,6.6
tt0358924,Agua,2006,Drama,89,6
tt0360674,Interview,2003,Drama,90,7
tt0361127,The woodsman - Il segreto,2004,Drama,87,7.2
tt0362039,Mali svet,2003,Comedy,90,6.8
tt0362518,El corazón de Jesús,2003,"Drama, Comedy, Romance",88,6.7
tt0362526,Criminal,2004,"Comedy, Crime, Drama",87,6.4
tt0362718,Hermanas,2005,Drama,88,6.4
tt0363144,Travail d'arabe,2003,Comedy,88,6.9
tt0364058,Tesó,2003,Comedy,84,6.8
tt0364084,L'île de Black Mór,2004,"Animation, Action, Adventure",85,6.5
tt0364537,Nafas-e amigh,2003,"Drama, Romance",86,7.5
tt0364656,Seven Times Lucky,2004,"Crime, Drama, Romance",85,6.1
tt0365659,La profezia delle ranocchie,2003,"Animation, Family",90,6.7
tt0365810,Svidd neger,2003,"Comedy, Crime, Drama",87,6.6
tt0365938,Winter Solstice,2004,Drama,90,6.1
tt0366527,Goldfish Memory,2003,"Comedy, Drama",85,6.4
tt0366551,American Trip - Il primo viaggio non si scorda mai,2004,"Adventure, Comedy",88,7.1
tt0366808,Nachbarinnen,2004,Drama,88,6.4
tt0366900,Piazza delle cinque lune,2003,"Drama, Thriller",90,6.1
tt0367087,Spin the Bottle,2003,Comedy,90,6.4
tt0367788,Hallesche Kometen,2005,Drama,83,6.7
tt0368913,Osama,2003,Drama,83,7.3
tt0369006,Szezon,2004,"Comedy, Drama",89,6.3
tt0369053,Un giorno per sbaglio,2005,"Crime, Drama, Romance",85,6.4
tt0369258,Bal-Can-Can,2005,"Action, Adventure, Comedy",89,7.7
tt0369295,Boys Life 4: Four Play,2003,"Comedy, Drama",83,6
tt0369441,Dick & Jane - Operazione furto,2005,"Comedy, Crime",90,6.2
tt0370242,32A,2007,Drama,89,6.6
tt0371883,Piovono mucche,2002,Drama,90,7
tt0371915,The Ride,2003,"Drama, Sport",90,6.6
tt0371939,Sequestro lampo,2005,"Action, Crime, Drama",90,6.5
tt0372215,Clipping Adam,2004,Drama,90,6.1
tt0372478,Progulka,2003,"Drama, Romance",90,7.3
tt0372532,Un amore in prestito,2005,"Comedy, Romance",90,6.2
tt0373283,Saints and Soldiers,2003,"Action, Drama, War",90,6.7
tt0373930,Mi piace lavorare (Mobbing),2004,Drama,89,6.7
tt0374018,Man About Dog,2004,Comedy,85,6.5
tt0374308,United,2003,"Comedy, Romance, Sport",85,6.2
tt0374358,È già ieri,2004,"Comedy, Fantasy",90,6.5
tt0374853,Malice in Wonderland,2009,"Adventure, Drama, Fantasy",87,6
tt0376263,Cruel Divana,2003,Thriller,88,6.3
tt0376304,Vida y color,2005,Drama,90,6.1
tt0376543,Colour Me Kubrick: A True...ish Story,2005,"Comedy, Drama",86,6.1
tt0377091,Mean Creek,2004,"Crime, Drama",90,7.2
tt0377701,Amici per la vita,2003,"Comedy, Drama",89,6.8
tt0377747,De Passagem,2003,Drama,87,6.7
tt0378139,Los jornaleros,2003,Drama,88,6.2
tt0378361,Mio cognato,2003,"Comedy, Drama",90,6.5
tt0378725,Segreti di stato,2003,Drama,85,7
tt0378793,Le parole non dette,2004,Drama,89,7.3
tt0378804,State's Evidence,2004,"Drama, Thriller",89,6.2
tt0379063,Zmruz oczy,2002,"Drama, Comedy",88,6.7
tt0379176,B-Happy,2003,Drama,90,6.6
tt0379199,O Caminho das Nuvens,2003,"Drama, Romance",85,6.6
tt0379307,Greendale,2003,"Musical, Drama",87,6.3
tt0379352,Riarizumu no yado,2003,Comedy,83,7
tt0379577,Vodka Lemon,2003,"Comedy, Drama",90,6.8
tt0380249,Carlston za Ognjenku,2008,"Comedy, Drama, Fantasy",86,6.9
tt0380281,Cosas que hacen que la vida valga la pena,2004,"Comedy, Drama",90,6
tt0380773,Le clan,2004,"Drama, Romance",90,6.3
tt0380779,Ubu król,2003,"Comedy, Drama",90,6.5
tt0381292,Les fautes d'orthographe,2004,Drama,90,6.2
tt0381971,Curioso come George,2006,"Animation, Adventure, Comedy",87,6.5
tt0382095,In Oranje,2004,"Drama, Family, Sport",90,6.5
tt0382189,My Summer of Love,2004,"Drama, Romance",86,6.7
tt0382215,Paloma de papel,2003,Drama,90,6.8
tt0382255,Quality of Life,2004,Drama,85,6.8
tt0382308,La sombra del caminante,2004,Drama,90,7
tt0382365,Vet hard,2005,"Action, Comedy, Crime",88,6.2
tt0382821,Lü cha,2003,"Drama, Romance",83,6.7
tt0383025,Mensonges et trahisons et plus si affinités...,2004,"Comedy, Romance",90,6.7
tt0383966,Cause toujours!,2004,Comedy,87,6.2
tt0384573,Swimmers,2005,Drama,90,6.3
tt0384806,Amityville Horror,2005,Horror,90,6
tt0384810,Dietro l'angolo,2004,Drama,85,6.4
tt0385568,Bullet Boy,2004,Drama,89,6.5
tt0385889,Tutto il bene del mondo,2004,Drama,90,6.9
tt0386651,Mountain Patrol - Battaglia in paradiso,2004,"Action, Drama",85,7.6
tt0387175,"Donau, Duna, Dunaj, Dunav, Dunarea",2003,Drama,89,6.4
tt0387441,Niceland (Population. 1.000.002),2004,Drama,86,6.2
tt0387808,Idiocracy,2006,"Adventure, Comedy, Sci-Fi",84,6.6
tt0387892,Le ricamatrici,2004,"Drama, Romance",89,6.9
tt0387913,El carro,2003,Comedy,90,6.1
tt0387952,Le cou de la girafe,2004,Drama,84,6.5
tt0387960,A/R: Andata+ritorno,2004,Comedy,86,6.4
tt0388139,It's All Gone Pete Tong,2004,"Biography, Comedy, Drama",90,7.3
tt0388458,Jazzclub - Der frühe Vogel fängt den Wurm.,2004,"Comedy, Music",84,6.8
tt0388482,Transporter: Extreme,2005,"Action, Thriller",87,6.3
tt0388544,Woodenhead,2003,"Fantasy, Romance",90,6.6
tt0388884,El destino no tiene favoritos,2003,"Romance, Comedy",90,6.7
tt0389053,Johnny Slade's Greatest Hits,2005,"Comedy, Crime, Music",88,6
tt0389235,On the Outs,2004,Drama,86,6.9
tt0389828,C.S.A.: The Confederate States of America,2004,"Comedy, Drama, War",89,6.4
tt0390051,Glitterati,2004,Drama,90,6.7
tt0391483,Take Out,2004,Drama,87,6.9
tt0392799,Sternenberg,2004,"Comedy, Romance",90,6.7
tt0392878,News Movie,2008,Comedy,86,6.2
tt0393174,Confituur,2004,"Drama, Comedy",84,6.4
tt0395216,Nacktschnecken,2004,"Comedy, Drama",86,6.1
tt0395457,Astronautas,2003,"Comedy, Drama",86,6.8
tt0395994,A Dona da História,2004,"Comedy, Drama, Romance",84,6.5
tt0396537,Kaldaljós,2004,Drama,90,6.6
tt0396637,Hildes Reise,2004,Drama,90,6.4
tt0396746,Muxmäuschenstill,2004,"Comedy, Drama",89,7.3
tt0396882,Strähl,2004,"Crime, Drama",83,7.1
tt0397405,Días de Santiago,2004,Drama,83,7.2
tt0397557,Na Cidade Vazia,2004,Drama,90,6.6
tt0397857,A fény ösvényei,2005,Drama,90,6.8
tt0398237,Nyócker!,2004,"Animation, Comedy",87,6
tt0398388,Ruoma de shi qi sui,2002,"Drama, Romance",88,6.8
tt0398963,Dorian Blues,2004,"Comedy, Drama, Romance",88,6.6
tt0398982,Duane Hopwood,2005,"Comedy, Drama",84,6.6
tt0399412,Nina,2004,"Drama, Animation, Thriller",85,6.6
tt0400400,Elles étaient cinq,2004,"Crime, Drama",87,7
tt0400717,Boog & Elliot a caccia di amici,2006,"Animation, Adventure, Comedy",86,6.1
tt0400739,Plunge: The Movie,2003,Drama,89,6.1
tt0401787,Siblings,2004,Comedy,85,6.5
tt0402065,Blindgänger,2004,Family,88,6.6
tt0402374,Metallic Blues,2004,"Comedy, Drama",90,6.8
tt0402595,Ya lyublyu tebya,2004,"Comedy, Romance",86,6.1
tt0403057,Gardener of Eden - Il giustiziere senza legge,2007,"Comedy, Drama",88,6.1
tt0403310,Mistri,2004,"Comedy, Drama",83,6.4
tt0403359,Noora,2003,"Drama, Family",83,6.7
tt0403522,Solkongen,2005,"Comedy, Drama",86,6.1
tt0403692,Yeojaneun namjaui miraeda,2004,Drama,88,6.4
tt0403702,Youth in Revolt,2009,"Comedy, Drama, Romance",90,6.4
tt0406216,Shiza,2004,"Crime, Drama, Romance",86,7
tt0406219,Shut Up and Shoot Me,2005,Comedy,90,6.2
tt0406222,Skrítek,2005,Comedy,90,7
tt0407008,Mitfahrer,2004,Drama,89,6.7
tt0407099,Parapalos,2004,Drama,90,6.5
tt0407246,Temporada de patos,2004,"Comedy, Drama",90,7.3
tt0407621,Calvaire,2004,Horror,88,6.2
tt0408217,Kousek nebe,2005,Romance,88,6.8
tt0408302,Knetter,2005,"Comedy, Drama",83,6.6
tt0408927,J'me sens pas belle,2004,"Comedy, Romance",85,6.5
tt0408970,Gau min,2004,"Drama, Horror, Romance",88,6
tt0408993,The Life and Hard Times of Guy Terrifico,2005,Comedy,86,6.6
tt0409681,The Alibi,2006,"Comedy, Drama, Romance",90,6.4
tt0410410,Oublier Cheyenne,2005,"Drama, Romance",86,6.3
tt0410445,La petite Chartreuse,2005,Drama,90,6.4
tt0410549,Quand la mer monte...,2004,"Comedy, Drama, Romance",90,6.7
tt0410569,Selestenje,2002,Drama,90,6.3
tt0411118,Anthony Zimmer,2005,"Crime, Drama, Romance",89,6.5
tt0412308,Being Cyrus,2005,"Drama, Thriller",90,7.2
tt0412922,Innamorarsi a Manhattan,2005,"Comedy, Family, Romance",84,7.5
tt0413472,Wer küßt schon einen Leguan?,2004,"Drama, Family",89,6.5
tt0413509,Les yeux clairs,2005,"Comedy, Drama",87,6.9
tt0414195,Kinamand,2005,Drama,88,7
tt0414344,The War Within,2005,Drama,90,6.8
tt0414428,The Rainbowmaker,2008,Romance,90,6.4
tt0414852,Banlieue 13,2004,"Action, Crime, Sci-Fi",84,7.2
tt0414931,Breaking News,2004,"Action, Crime, Drama",90,6.7
tt0414976,Fated,2006,"Romance, Fantasy",90,6.2
tt0415006,Saimir,2004,Drama,88,6.5
tt0415023,Vinterkyss,2005,"Drama, Mystery, Thriller",84,6.4
tt0415080,Gong woo,2004,"Action, Crime, Drama",85,6.3
tt0415234,Red Doors,2005,Drama,90,6.4
tt0415806,Fool's Gold,2005,Comedy,90,6.2
tt0415955,Maarek hob,2004,"Drama, War",90,6.2
tt0416213,Desiderio,2006,"Drama, Romance",88,6.5
tt0416675,Dark Matter,2007,Drama,88,6
tt0416979,Meu Tio Matou um Cara,2004,"Adventure, Comedy",87,6.5
tt0417243,Vital: Autopsia di un amore,2004,"Drama, Thriller",86,6.8
tt0417499,Le bonheur c'est une chanson triste,2004,Drama,90,6.9
tt0417614,Un sogno troppo grande,2006,Drama,88,6.4
tt0418016,Nochnoy prodavets,2005,"Comedy, Thriller",85,6.5
tt0418020,The Novice,2006,Drama,89,6
tt0418309,Bulutlari Beklerken,2004,Drama,90,6.7
tt0418586,The Cake Eaters - Le vie dell'amore,2007,"Comedy, Drama, Romance",86,6.3
tt0418887,Mi nismo andjeli 2,2005,Comedy,89,6.1
tt0419236,Pittsburgh,2006,Comedy,84,6.3
tt0419279,Yesterday,2004,Drama,90,7.6
tt0419420,Adam & Paul,2004,"Comedy, Drama",83,7.1
tt0419424,Al otro lado,2004,Drama,90,7
tt0419677,Dead Man's Shoes - Cinque giorni di vendetta,2004,"Crime, Drama, Thriller",90,7.6
tt0419773,Gespenster,2005,Drama,85,6.9
tt0419922,Living 'til the End,2005,"Drama, Romance",87,6.5
tt0420090,Private,2004,"Drama, War",90,6.9
tt0420211,Sorte Nula,2004,"Mystery, Crime",85,6.3
tt0420333,Yasmin,2004,Drama,87,6.9
tt0420627,17 sui de tian kong,2004,"Comedy, Romance",88,6.2
tt0420835,Opal Dream,2006,"Drama, Family",85,6.6
tt0420884,Sauf le respect que je vous dois,2005,Drama,90,6.2
tt0421090,Zerophilia,2005,"Comedy, Romance",90,6.1
tt0421239,Red Eye,2005,Thriller,85,6.4
tt0421994,Imagine Me & You,2005,"Comedy, Drama, Romance",90,6.8
tt0422238,Filhas do Vento,2004,Drama,85,6.2
tt0422249,First Morning,2003,Drama,89,6.7
tt0422634,Diep,2005,Drama,90,6.3
tt0422981,Pusinky,2007,"Comedy, Drama",90,6
tt0423294,Surf's Up - I re delle onde,2007,"Animation, Comedy, Family",85,6.7
tt0423397,Tout un hiver sans feu,2004,Drama,88,6.8
tt0423783,11 Minutes Ago,2007,"Romance, Sci-Fi",83,6.4
tt0423866,Ferro 3 - La casa vuota,2004,"Crime, Drama, Romance",88,8
tt0423868,Khab-e talkh,2004,"Comedy, Drama",88,7.3
tt0423914,Zim and Co.,2005,Comedy,88,6.6
tt0424095,Giù per il tubo,2006,"Animation, Adventure, Comedy",85,6.6
tt0424234,Yi ge mo sheng nu ren de lai xin,2004,Drama,90,6.8
tt0424237,Lila dice,2004,"Crime, Drama, Romance",89,6.9
tt0424287,Provaci ancora Ethan,2005,"Comedy, Romance",88,6.2
tt0424536,Vento di terra,2004,Drama,90,6.2
tt0424789,Allegro,2005,"Drama, Romance, Sci-Fi",88,6.6
tt0425125,Ikke naken,2004,"Comedy, Romance",90,6.4
tt0425147,Izpepelyavane,2004,Drama,90,6.6
tt0425600,America dopo,2005,"Drama, Thriller",83,6.2
tt0425659,You Are Alone,2005,Drama,84,6.2
tt0426155,Ha-Ushpizin,2004,Drama,90,7.3
tt0426272,Tulipany,2004,"Comedy, Romance",89,6.1
tt0427662,Les petits fils,2004,"Comedy, Drama",84,6.1
tt0428541,Five fingers - Gioco mortale,2006,"Drama, Thriller",87,6.4
tt0428608,Guernsey,2005,Drama,90,6.1
tt0428856,L'amore sospetto,2005,"Drama, Mystery",87,6.7
tt0429203,Un petit jeu sans conséquence,2004,Comedy,88,6.1
tt0429614,Aus der Tiefe des Raumes,2004,Comedy,88,6.5
tt0429743,Romeo e Giulietta finalmente sposi,2005,"Comedy, Romance",90,6.2
tt0430063,Ethan Mao,2004,"Crime, Drama, Thriller",87,6
tt0430252,Johan,2005,"Drama, Romance",90,6
tt0430814,Hooligans,2004,"Drama, Comedy",88,6.5
tt0431321,La perrera,2006,Drama,90,6
tt0431736,Días de Campo,2004,Drama,89,7
tt0431842,Gå med fred Jamil - Ma salama Jamil,2008,"Action, Drama",90,6.9
tt0432283,Fantastic Mr. Fox,2009,"Animation, Adventure, Comedy",87,7.9
tt0432906,Jargo,2004,"Crime, Drama",90,6.1
tt0432988,Não Por Acaso,2007,Drama,90,7
tt0433350,Un_seduttore_in_incognito,2006,"Drama, Romance",88,6.8
tt0433686,Nachtrit,2006,"Crime, Drama, Thriller",90,6.9
tt0433770,Allein,2004,Drama,88,6.8
tt0434246,O dve slabiky pozadu,2005,"Romance, Drama",90,6.9
tt0435479,Gabrielle,2005,"Drama, Romance",90,6.4
tt0435623,Conversations with Other Women,2005,"Comedy, Drama, Romance",84,7
tt0435680,Kidulthood,2006,"Crime, Drama, Romance",89,6.8
tt0436374,El habitante incierto,2004,"Drama, Horror, Mystery",90,6.8
tt0436392,High School Record,2005,Comedy,89,6
tt0436524,"Love, Ludlow",2005,"Comedy, Romance",86,6.5
tt0436689,The Puffy Chair,2005,"Comedy, Drama, Romance",85,6.5
tt0437171,East Side Story,2006,"Comedy, Romance",88,6.6
tt0438241,Milionari de weekend,2004,Comedy,90,6.9
tt0438466,...e se domani,2005,Comedy,90,6
tt0438531,Ultranova,2005,Drama,84,6.3
tt0439182,Four Eyed Monsters,2005,"Comedy, Drama, Fantasy",85,6.2
tt0439491,Caribe,2004,"Drama, Mystery",90,6
tt0439707,Mobsters and Mormons,2005,Comedy,90,6.2
tt0440961,Beautiful Dreamer - La memoria del cuore,2006,Drama,90,6.2
tt0441641,Janji Joni,2005,"Adventure, Comedy, Romance",83,7.6
tt0441762,Ein Freund von mir,2006,"Comedy, Drama",84,6.9
tt0442207,Enfermés dehors,2006,Comedy,90,6.2
tt0442399,Le passager,2005,Drama,85,6.1
tt0443072,Entre ses mains,2005,Drama,90,6.3
tt0443076,Katze im Sack,2005,Drama,87,6
tt0443104,Das Lächeln der Tiefseefische,2005,Drama,86,6.3
tt0443139,Netto,2005,Drama,87,6.8
tt0443274,Prospettive di un delitto,2008,"Action, Crime, Drama",90,6.6
tt0443289,Wahrheit oder Pflicht,2005,"Comedy, Drama",89,6.6
tt0443453,Borat: Studio culturale sull'America a beneficio della gloriosa nazione del Kazakistan,2006,Comedy,84,7.3
tt0443771,Robotech: The Shadow Chronicles,2006,"Animation, Action, Adventure",88,6.5
tt0446802,"Have Dreams, Will Travel",2007,"Drama, Romance",86,7.5
tt0447641,Gitarrmongot,2004,Drama,89,6.2
tt0447907,Concursante,2007,"Comedy, Drama",84,6.6
tt0447953,The F Word,2005,Drama,85,6.4
tt0448197,Alla luce del sole,2005,"Crime, Drama",89,7.1
tt0449671,Zivi i mrtvi,2007,"Fantasy, War, Horror",87,6.1
tt0449851,Una top model nel mio letto,2006,"Comedy, Drama",85,6.5
tt0450340,Identità sospette,2006,"Crime, Drama, Mystery",85,6.5
tt0450363,Killer senza scampo,2005,"Drama, Thriller",90,6.6
tt0450450,Italyanets,2005,Drama,90,7.5
tt0451079,Ortone e il mondo dei Chi,2008,"Animation, Adventure, Comedy",86,6.8
tt0451176,Non è peccato,2006,Drama,90,6.9
tt0452643,Amore e altri disastri,2006,"Comedy, Drama, Romance",90,6.2
tt0452702,Vacancy,2007,"Horror, Thriller",85,6.2
tt0452711,Never Been Thawed,2005,Comedy,87,6
tt0452780,Les fragments d'Antonin,2006,"Drama, War",90,7.1
tt0453451,Mr. Bean's Holiday,2007,"Comedy, Family",90,6.4
tt0453556,TMNT,2007,"Animation, Action, Adventure",87,6.2
tt0454250,Sakigake!! Kuromati Kôkô: The Movie,2005,Comedy,85,6.1
tt0454874,Liebes Spiel,2005,Drama,86,6.1
tt0454907,Night of the Dog,2005,"Adventure, Comedy, Romance",86,6.9
tt0454987,Let's go to prison - Un principiante in prigione,2006,"Comedy, Crime",84,6
tt0455326,Aqua Teen Hunger Force Colon Movie Film for Theaters,2007,"Animation, Action, Adventure",86,6.7
tt0455577,Kame wa igai to hayaku oyogu,2005,Comedy,90,6.6
tt0455760,Dead Silence,2007,"Horror, Mystery, Thriller",89,6.2
tt0455906,The American Ruling Class,2005,"Comedy, Music",88,6.9
tt0456123,Dikkenek,2006,Comedy,84,6.9
tt0456470,L'arco,2005,"Drama, Romance",90,7.1
tt0456521,"Ma fille, mon ange",2007,"Crime, Drama, Thriller",85,6.1
tt0456581,Osoi hito,2004,"Drama, Thriller",83,6.4
tt0456978,Ken il guerriero - La leggenda del vero salvatore,2008,"Animation, Action",83,7
tt0457076,A Máquina,2005,"Comedy, Drama, Romance",89,7.5
tt0457472,Sheng si jie,2005,Drama,90,6.5
tt0457802,The Blue Umbrella,2005,"Comedy, Drama, Family",90,7.5
tt0459168,17-sai no fûkei - Shônen wa nani o mita no ka,2004,Drama,89,6.4
tt0460598,Vienui vieni,2004,"Drama, History",90,7.3
tt0460745,Chaos Theory,2008,"Comedy, Drama, Romance",87,6.7
tt0460810,The Great Buck Howard,2008,"Adventure, Comedy, Drama",90,6.4
tt0460925,The Sasquatch Gang,2006,Comedy,86,6.3
tt0461760,Cut Sleeve Boys,2006,"Comedy, Romance",86,6
tt0461795,Geuk jang jeon,2005,Drama,89,7
tt0461894,7 vírgenes,2005,"Crime, Drama",86,6.3
tt0461989,The Magician,2005,"Crime, Drama",85,6.7
tt0462295,Flakes,2007,Comedy,84,6
tt0462477,The Last Hangman,2005,"Biography, Crime, Drama",90,7.4
tt0462538,I Simpson - Il film,2007,"Animation, Adventure, Comedy",87,7.3
tt0463032,Southbounders,2005,Drama,86,6.4
tt0463345,La mujer de mi hermano,2005,Drama,89,6.1
tt0464105,Man Push Cart,2005,Drama,87,7
tt0464665,Kosmos kak predchuvstvie,2005,Drama,90,6.7
tt0465502,Igor,2008,"Animation, Comedy, Family",87,6
tt0465509,Jumping Off Bridges,2006,Drama,90,7
tt0465602,Shoot 'em up - Spara o muori,2007,"Action, Thriller",86,6.7
tt0466012,Grenzverkehr,2005,"Comedy, Drama",90,6.3
tt0466227,Jeune homme,2006,Comedy,90,6.4
tt0466359,Aoi kuruma,2004,Drama,90,6
tt0466370,Fekete kefe,2005,Comedy,83,6
tt0466399,10 canoe,2006,"Adventure, Comedy, Drama",90,7
tt0466923,The Perfect Stranger,2005,Drama,90,6.7
tt0468834,Perl oder Pica,2006,Drama,90,6.3
tt0469686,Dreaming Lhasa,2005,"Adventure, Drama, Mystery",90,6.5
tt0469690,Little Big Top,2006,Comedy,83,6.3
tt0469691,Pavee Lackeen: The Traveller Girl,2005,Drama,88,6.2
tt0469692,A Perfect Day,2005,Drama,88,6
tt0469748,Corpo,2007,"Drama, Thriller",90,6.3
tt0470290,La edad de la peseta,2006,Drama,90,6.6
tt0470702,Brudermord,2005,Drama,90,6.7
tt0470765,For Your Consideration,2006,Comedy,86,6.3
tt0470840,Krisana,2005,Drama,90,6.8
tt0471009,Just Like the Son,2006,Drama,86,6.4
tt0471018,Love + Hate,2005,Drama,86,6.9
tt0471403,Tbilisi-Tbilisi,2005,"Comedy, Drama",87,6.3
tt0472094,Gisela,2005,Drama,87,6
tt0472113,Jazireh ahani,2005,Drama,90,7.1
tt0472175,Shiloh e il mistero del bosco,2006,"Drama, Family",90,6.3
tt0472479,To oneiro tou skylou,2005,Fantasy,90,6.2
tt0472536,Koti-ikävä,2005,Drama,85,6
tt0472767,Elsk meg i morgen,2005,"Comedy, Drama, Romance",90,6.2
tt0473435,Ark,2005,"Animation, Action, Drama",84,6.1
tt0473474,Doraemon: Nobita to fushigi kazetsukai,2003,"Animation, Adventure, Comedy",84,6.9
tt0473658,Inuyasha the Movie - L'isola del fuoco scarlatto,2004,"Animation, Action, Adventure",89,7.3
tt0473709,The TV Set,2006,"Comedy, Drama",88,6.5
tt0473910,Essaye-moi,2006,"Comedy, Romance",90,6
tt0474642,En la Cama,2005,Drama,85,6.2
tt0474743,Sofacama,2006,"Comedy, Drama",90,6
tt0475271,Fetching Cody,2005,"Drama, Fantasy, Romance",86,6.7
tt0475286,Graduation,2007,"Comedy, Crime, Drama",89,6.5
tt0476240,Il grande match,2006,Comedy,85,6.9
tt0476643,Ha-Buah,2006,"Comedy, Drama, Romance",90,7.3
tt0476755,Czas surferów,2005,"Comedy, Crime",90,6
tt0477038,Montag kommen die Fenster,2006,Drama,88,6.4
tt0477126,Urlaub vom Leben,2005,Drama,83,7.1
tt0477139,Wristcutters - Una storia d'amore,2006,"Comedy, Drama, Fantasy",88,7.3
tt0477988,Jean-Philippe,2006,"Comedy, Fantasy, Music",90,6.1
tt0478213,A New Day in Old Sana'a,2005,"Drama, Romance",83,6.2
tt0478525,Crimine Delicato,2005,Drama,87,6.1
tt0478687,Je m'appelle Elisabeth,2006,Drama,90,7
tt0478724,Prestami la tua mano,2006,"Comedy, Romance",90,6.7
tt0478988,The Call of Cthulhu,2005,"Fantasy, Horror, Mystery",90,7.2
tt0479008,Dante's Inferno,2007,"Animation, Comedy",88,6.6
tt0479175,El taxista ful,2005,Drama,90,6.7
tt0479884,Crank,2006,"Action, Crime, Thriller",88,6.9
tt0479952,Madagascar 2,2008,"Animation, Adventure, Comedy",89,6.6
tt0479965,Off the Black - Gioco Forzato,2006,Drama,90,6.6
tt0480269,Interview,2007,Drama,84,6.8
tt0481976,Het zwijgen,2006,Mystery,90,6.2
tt0482546,Miss Potter,2006,"Biography, Drama",88,6.9
tt0482606,The Strangers,2008,"Horror, Thriller",86,6.2
tt0482901,El baño del Papa,2007,"Comedy, Drama",90,7.3
tt0483068,Mengejar Matahari,2004,Drama,86,7.1
tt0483722,"Lovers, Liars and Lunatics",2006,"Comedy, Crime",87,6.6
tt0483771,Pheuan sanit,2005,"Drama, Romance",90,7.8
tt0484113,L'iceberg,2005,Comedy,84,6.8
tt0484368,Sprængfarlig bombe,2006,"Comedy, Drama",90,6
tt0484437,Love sick - Nell'amore non ci sono regole,2006,Drama,86,6.8
tt0485149,Le secret de ma mère,2006,"Comedy, Drama, Musical",86,6.4
tt0485909,Gamers,2006,Comedy,84,7.6
tt0486554,Big Dreams Little Tokyo,2006,"Comedy, Romance",86,6.4
tt0486572,The Dog Problem,2006,Comedy,88,6.3
tt0486629,Molly's Way,2005,Drama,84,6.4
tt0486665,Trail of the Screaming Forehead,2007,"Comedy, Sci-Fi",88,6
tt0487152,Dupa ea,2007,Drama,90,6.5
tt0487369,Cages,2006,"Drama, Romance",86,6.2
tt0487503,La voltapagine,2006,"Drama, Music, Thriller",85,7
tt0488085,Big Nothing,2006,"Comedy, Crime, Thriller",86,6.8
tt0488295,Ein ganz gewöhnlicher Jude,2005,Drama,89,7
tt0488403,Kisik Ateste 15 Dakika,2006,"Comedy, Drama",90,6.2
tt0488565,Je crois que je l'aime,2007,"Comedy, Drama, Romance",90,6
tt0488836,Hanuman,2005,Animation,89,7.5
tt0488903,Verfolgt,2006,Drama,87,6.6
tt0489049,Fanboys,2009,"Adventure, Comedy, Drama",90,6.6
tt0489067,Hak bak jin cheung,2005,"Crime, Drama",90,6.5
tt0489099,Jumper,2008,"Action, Adventure, Sci-Fi",88,6.1
tt0489235,My Name Is Bruce,2007,"Comedy, Fantasy, Horror",84,6.2
tt0490166,London to Brighton,2006,"Crime, Drama, Thriller",85,6.9
tt0491044,Man jeuk,2008,"Drama, Romance",87,6.7
tt0491162,Spiral,2007,"Drama, Thriller",90,6.4
tt0492463,In Between Days,2006,Drama,83,6.4
tt0492489,Somebodies,2006,Comedy,88,6.9
tt0492490,Son of Man,2006,Drama,86,6.5
tt0492619,The Foot Fist Way,2006,Comedy,85,6.3
tt0492869,Antônia,2006,"Drama, Musical",90,6.4
tt0493107,Andel páne,2005,"Comedy, Family, Fantasy",90,6.9
tt0494222,Eagle vs Shark,2007,"Comedy, Romance",88,6.8
tt0495116,Om Gud vill,2006,"Drama, Romance",87,6.2
tt0495135,Lai xiao zi,2006,Drama,89,6.6
tt0495167,Langer licht,2006,Drama,85,6.8
tt0495264,...a bude hur,2007,Drama,86,7.1
tt0495637,Vidange perdue,2006,Drama,90,6.6
tt0496296,Fimfárum 2,2006,Animation,90,7.1
tt0496699,Una estrella y dos cafés,2006,"Drama, Romance",85,6.7
tt0497273,Sutra ujutru,2006,Drama,84,6.8
tt0497378,Guerilla Marketing,2005,Drama,90,7.2
tt0497401,The Last Romantic,2006,"Comedy, Drama",88,6
tt0497876,"Big Bang Love, Juvenile A",2006,"Drama, Fantasy",85,6.7
tt0497951,Opium War,2008,"Drama, War",90,6.3
tt0498118,Mauvaise foi,2006,"Comedy, Drama",88,6.1
tt0498125,Pardonnez-moi,2006,Drama,88,6.4
tt0498846,Adama Meshuga'at,2006,Drama,90,7.2
tt0499072,Put lubenica,2006,Drama,89,6.6
tt0499166,Zemestan,2006,Drama,86,6.7
tt0499238,Milarepa,2006,"Action, Adventure, Biography",90,7
tt0499467,Elipsis,2006,"Crime, Drama, Thriller",90,6.5
tt0756359,Yamim Kfuim,2005,"Drama, Mystery, Thriller",90,6.9
tt0756683,The Man from Earth,2007,"Drama, Fantasy, Sci-Fi",87,7.9
tt0757277,Il viaggio di Paul,2006,"Animation, Drama, Family",87,6.6
tt0757376,Wo men lia,2005,Drama,88,7.3
tt0758017,Steel Toes,2007,"Crime, Drama",87,6.1
tt0758442,Nuit noire,2005,"Drama, Mystery, Sci-Fi",90,6.6
tt0758738,Chalk,2006,"Comedy, Drama",85,6.2
tt0758786,Stuck,2007,"Biography, Crime, Drama",85,6.4
tt0758798,Weirdsville,2007,"Comedy, Crime, Drama",90,6.3
tt0759509,Cambio d'indirizzo,2006,Comedy,85,6.6
tt0759604,Lemarit Ain,2006,"Drama, Mystery",86,7
tt0768212,Mimzy - Il segreto dell'universo,2007,"Drama, Family, Sci-Fi",90,6.2
tt0768690,A poutru oni prosnulis,2003,"Comedy, Drama",90,6.1
tt0772168,Grace Is Gone,2007,"Drama, War",85,6.7
tt0772176,Miracolo di una notte di inverno,2007,"Drama, Family, Fantasy",83,7
tt0775417,Am Ende kommen Touristen,2007,Drama,85,6.9
tt0775489,L'illusionista,2010,"Animation, Drama, Family",90,7.5
tt0775543,Night Catches Us,2010,"Drama, Romance",90,6.2
tt0779722,Amnesia: The James Brighton Enigma,2005,Drama,90,6.2
tt0780621,Tatt av kvinnen,2007,"Comedy, Drama, Romance",90,6.6
tt0781360,Duk haan yum cha,2006,"Comedy, Romance",85,6
tt0783234,The Baker,2007,"Comedy, Thriller",86,6.4
tt0783238,The Dead Girl,2006,"Crime, Drama, Mystery",85,6.6
tt0783511,Dr. Plonk,2007,"Action, Comedy, Sci-Fi",85,6.6
tt0784152,Más que a nada en el mundo,2006,"Drama, Fantasy",90,6.7
tt0785025,Love's Abiding Joy,2006,"Drama, Family, Western",87,7
tt0787475,Hot Rod - Uno svitato in moto,2007,"Comedy, Sport",88,6.7
tt0789770,Dennis van Rita,2006,Drama,84,6.3
tt0790612,American Fork,2007,"Comedy, Drama",84,6.2
tt0790676,The Good Life,2007,"Comedy, Drama",90,6.5
tt0791178,The Jammed,2007,"Drama, Thriller",89,6.7
tt0791313,Jin tian de yu zen me yang?,2006,Drama,83,6.2
tt0792986,Peur(s) du noir,2007,"Animation, Horror, Mystery",83,6.7
tt0792992,Lucky Luke e la più grande fuga dei Dalton,2007,"Animation, Adventure, Comedy",90,6.2
tt0795368,Funeral Party,2007,Comedy,90,7.4
tt0796245,Boleiros 2: Vencedores e Vencidos,2006,"Comedy, Sport",86,6.2
tt0796314,A Dog's Breakfast,2007,"Comedy, Drama, Horror",88,6.8
tt0796926,Cara de queso 'mi primer ghetto',2006,"Comedy, Drama",90,6.1
tt0800159,Pingpong,2006,Drama,89,6.5
tt0800199,Shoot the Messenger,2006,Drama,90,6.5
tt0800205,Skills Like This,2007,Comedy,88,6.1
tt0800362,Sei dai tinwong,2006,"Comedy, Drama, Music",83,6.7
tt0803052,Ópium: Egy elmebeteg nö naplója,2007,"Drama, Romance",90,6.6
tt0804529,Sleep Dealer,2008,"Drama, Romance, Sci-Fi",90,6
tt0805324,Blóðbönd,2006,Drama,90,6.2
tt0805488,L'aria salata,2006,Drama,87,7.1
tt0805605,I cavalieri dello zodiaco - Le porte del paradiso,2004,"Animation, Fantasy",84,7
tt0806203,Contagio letale,2009,"Adventure, Drama, Sci-Fi",85,6
tt0806686,Yella,2007,"Drama, Horror, Romance",89,6.7
tt0808359,Machete,2006,"Action, Adventure, Drama",90,6.8
tt0808393,Nebo iznad krajolika,2006,Comedy,86,6.6
tt0808462,7 ans,2006,Drama,86,6.1
tt0809407,A est di Bucarest,2006,"Comedy, Drama",89,7.4
tt0809425,Dans la ville de Sylvia,2007,Drama,84,6.9
tt0809920,Conozca la cabeza de Juan Pérez,2008,Comedy,83,6.7
tt0810082,Malta con Huevo,2007,"Comedy, Crime, Sci-Fi",88,6.2
tt0810846,Driller,2006,"Horror, Sci-Fi",85,6.3
tt0810954,Jiang cheng xia ri,2006,Drama,88,6.5
tt0811164,As esi tu,2006,"Adventure, Romance",90,6.8
tt0812243,Ex Drummer,2007,"Comedy, Crime, Drama",90,7
tt0813541,Piter FM,2006,"Comedy, Drama, Romance",85,7
tt0813630,Una novia errante,2007,Drama,85,6.2
tt0814130,The Hammer,2007,"Comedy, Romance, Sport",88,7.2
tt0814131,Hank and Mike,2008,"Comedy, Fantasy",86,6
tt0814795,Voleurs de chevaux,2007,"Action, Adventure, Drama",85,6.6
tt0815178,Davanti agli occhi,2007,"Drama, Fantasy, Mystery",90,6.3
tt0815245,The Uninvited,2009,"Drama, Horror, Mystery",87,6.4
tt0815462,Lo mejor de mí,2007,Drama,85,6.3
tt0815890,Khan kluay,2006,"Animation, Adventure, Family",88,6
tt0816545,Kabluey,2007,Comedy,86,6.6
tt0816556,Lake Mungo,2008,"Drama, Horror, Mystery",87,6.3
tt0817177,Il primo amore non si scorda mai,2010,"Comedy, Drama, Romance",90,7.7
tt0818108,Bis zum Ellenbogen,2007,Comedy,90,6.4
tt0818170,The Little Traitor,2007,Drama,88,6.9
tt0819735,Summerhood,2008,"Comedy, Drama, Romance",88,6.5
tt0819792,Onni von Sopanen,2006,Family,90,6.5
tt0824696,Una película de huevos,2006,"Animation, Comedy, Family",90,6.4
tt0825239,Contre-enquête,2007,"Crime, Thriller",85,6.7
tt0825682,Die Anruferin,2007,Drama,84,6.6
tt0825745,Blöde Mütze!,2007,"Adventure, Family",90,6.8
tt0831848,Kureyon Shin-chan: Arashi wo yobu - Mouretsu! Otona teikoku no gyakushuu,2001,"Animation, Action, Adventure",90,7.7
tt0837800,The Mark of Cain,2007,"Drama, War",87,6.4
tt0838233,Mille anni di buone preghiere,2007,"Drama, Romance",83,6.7
tt0838241,Street Dreams,2009,Drama,88,6.2
tt0841017,Cochochi,2007,Family,87,6.4
tt0841027,Magicians,2007,Comedy,90,6
tt0841109,Die Herbstzeitlosen,2006,Comedy,90,7.1
tt0841175,O Céu de Suely,2006,Drama,90,7.2
tt0841186,Vaghti hame khab boodand,2006,Drama,84,6.3
tt0841922,Los bastardos,2008,"Crime, Drama, Thriller",90,6.3
tt0842929,Paranoid Park,2007,"Crime, Drama, Mystery",85,6.7
tt0843358,My Dog Tulip,2009,"Animation, Drama",83,6.8
tt0843850,Finishing the Game: The Search for a New Bruce Lee,2007,Comedy,84,6
tt0844025,Indizi dal passato,2007,"Drama, Fantasy, Mystery",90,6.9
tt0844471,Piovono polpette,2009,"Animation, Adventure, Comedy",90,6.9
tt0844479,The Collector,2009,"Action, Crime, Horror",90,6.4
tt0844489,West 32nd,2007,"Crime, Drama",86,6
tt0844847,Fairway to Heaven,2007,"Comedy, Sport",90,6.7
tt0845464,Hak bak dou,2006,"Crime, Drama",88,6.5
tt0845474,Küçük Kiyamet,2006,"Drama, Fantasy, Horror",90,6.3
tt0846109,Trair e Coçar é Só Começar,2006,Comedy,83,6.3
tt0847183,Kid Svensk,2007,Drama,90,6
tt0847487,Ce que mes yeux ont vu,2007,"Drama, Mystery, Thriller",88,6.4
tt0847880,Cargo 200,2007,"Crime, Drama, Thriller",89,7.1
tt0848542,Arranged,2007,"Comedy, Drama, Romance",90,7.3
tt0848592,Last Train to Freo,2006,"Drama, Thriller",89,6.6
tt0851578,Paprika - Sognando un sogno,2006,"Animation, Drama, Fantasy",90,7.7
tt0854151,Nulevoy kilometr,2007,"Action, Crime, Romance",87,6
tt0856789,Hayatimin kadinisin,2006,Romance,88,6.1
tt0857265,Sleuth - Gli insospettabili,2007,"Crime, Drama, Mystery",88,6.5
tt0857275,Wonderful World,2009,"Comedy, Drama, Romance",89,6.1
tt0858486,Battaglia per la Terra,2007,"Animation, Action, Adventure",85,6.5
tt0860866,Far North,2007,"Crime, Drama, Romance",89,6.1
tt0865496,Mon seung,2006,"Horror, Mystery",85,6
tt0867241,Amexicano,2007,Drama,84,7
tt0869977,Naissance des pieuvres,2007,"Drama, Romance",85,6.7
tt0870089,Ciao,2008,"Drama, Romance",87,6.6
tt0872224,Street Thief,2006,"Crime, Thriller",84,7.1
tt0875130,Koi suru nichiyobi,2006,Drama,89,6.7
tt0875701,Tiramisu,2008,"Drama, Mystery, Romance",90,6.6
tt0876233,The Last Word,2008,"Drama, Romance",90,6.2
tt0877323,Os 12 Trabalhos,2006,Drama,90,6.8
tt0878674,Garage,2007,Drama,85,7.1
tt0878835,Please Give,2010,"Comedy, Drama",87,6.6
tt0881369,La influencia,2007,Drama,84,6
tt0882782,Sem Controle,2007,"Drama, Thriller",90,6.8
tt0886531,Shades of Ray,2008,"Comedy, Drama, Romance",86,7
tt0887745,How About You...,2007,"Comedy, Drama",87,6.8
tt0889136,Kings,2007,Drama,88,6.9
tt0889595,Dream Boy,2008,"Drama, Romance",88,6.2
tt0891631,Goodbye Baby,2007,Drama,87,6
tt0892332,Noodle,2007,"Comedy, Drama",90,7.3
tt0892422,Pente lepta akoma,2006,"Comedy, Drama, Fantasy",90,6.3
tt0892429,The Seven of Daran: The Battle of Pareo Rock,2008,Family,89,6
tt0892904,White on Rice,2009,Comedy,83,6.2
tt0893356,Nanking,2007,"Biography, History, War",90,7.6
tt0896529,Cairo Time,2009,"Drama, Romance",90,6.6
tt0896798,Cleaner,2007,"Crime, Mystery, Thriller",88,6.1
tt0898323,Leroy,2007,"Comedy, Drama, Romance",89,6.3
tt0899095,Rêves de poussière,2006,Drama,86,7.1
tt0901475,Soffio,2007,Drama,84,6.9
tt0901488,Gun chung,2007,"Action, Crime, Thriller",90,6.7
tt0901510,Salvatore - Questa è la vita,2006,Drama,90,6
tt0902290,I Sell the Dead,2008,"Comedy, Horror",85,6.1
tt0902293,Iyi Seneler Londra,2007,Drama,90,6.2
tt0903021,Sis ve Gece,2007,"Adventure, Drama, Mystery",90,6.7
tt0903644,September,2007,Drama,85,6.4
tt0905618,Kremen,2007,"Crime, Drama",84,6.3
tt0907657,Once,2007,"Drama, Music, Romance",86,7.8
tt0907848,Dakota Skye,2008,"Drama, Romance",89,6.6
tt0907853,Il giorno + bello,2006,Comedy,90,6.1
tt0910554,Frequently Asked Questions About Time Travel,2009,"Comedy, Sci-Fi",83,7.1
tt0910847,Breakfast with Scot,2007,"Comedy, Drama, Music",90,6.8
tt0910935,Pas douce,2007,Drama,84,6.7
tt0913445,Young People Fucking,2007,"Comedy, Drama, Romance",87,6.2
tt0918575,Victim,2010,"Horror, Thriller",90,6
tt0922379,Chand kilo khorma baraye marassem-e tadfin,2006,"Comedy, Drama",85,7.6
tt0922424,Falafel,2006,Drama,83,6.5
tt0923600,Baghead,2008,"Comedy, Drama, Horror",84,6
tt0926766,Che fine ha fatto il cavallo di Winky?,2007,Family,90,6.5
tt0930071,Last Stop for Paul,2006,Comedy,83,6.4
tt0936501,Io vi troverò,2008,"Action, Thriller",90,7.8
tt0937237,Redacted,2007,"Crime, Thriller, War",90,6.1
tt0940662,Baksy,2008,"Drama, Fantasy",87,6.7
tt0940709,CJ7 - Creatura extraterrestre,2008,"Comedy, Drama, Family",88,6.4
tt0944101,Good Dick,2008,"Comedy, Drama, Romance",86,6.4
tt0945321,The Bird Can't Fly,2007,Drama,89,6.5
tt0945383,Querô,2007,Drama,88,6.8
tt0945588,Le ring,2007,Drama,87,6.8
tt0949423,Hotel Very Welcome,2007,"Comedy, Drama",89,6.4
tt0949436,Jagdhunde,2007,"Drama, Romance",86,6.6
tt0949524,Viaggio in India,2006,"Adventure, Drama",85,6
tt0949564,Il matrimonio di Tuya,2006,"Drama, Romance",86,7.2
tt0960855,Tales from the Dead,2008,Horror,90,6
tt0962762,Genius Party,2007,"Animation, Adventure, Fantasy",85,7.1
tt0962774,Il mondo di Horten,2007,"Comedy, Drama",90,6.7
tt0969269,San taam,2007,"Action, Crime, Mystery",89,7.2
tt0970411,Ember - Il mistero della città di luce,2008,"Adventure, Family, Fantasy",90,6.5
tt0970951,Ores koinis isyhias,2006,"Drama, Romance",86,6.1
tt0971170,La león,2007,Drama,85,6.5
tt0971215,Shenmue: The Movie,2001,"Action, Adventure, Crime",88,6.9
tt0972542,Aachi & Ssipak,2006,"Animation, Action, Comedy",90,6.8
tt0972555,Exhibit A,2007,"Crime, Drama, Thriller",85,6
tt0975676,Das Herz ist ein dunkler Wald,2007,Drama,86,6.3
tt0976042,Immer nie am Meer,2007,"Comedy, Drama",88,6.9
tt0977645,La cámara oscura,2008,"Drama, Music",85,6.7
tt0977651,Der Freund,2008,Drama,87,7.1
tt0978398,Suicídio Encomendado,2007,Comedy,90,6.5
tt0981227,Nick & Norah - Tutto accadde in una notte,2008,"Comedy, Drama, Music",90,6.6
tt0983251,Ze zycie ma sens,2001,Drama,87,7.2
tt0983909,Real Time,2008,"Comedy, Drama",90,6.7
tt0986230,French Film,2008,"Comedy, Romance",87,6.5
tt0986263,Il mondo dei replicanti,2009,"Action, Sci-Fi, Thriller",89,6.3
tt0989000,In Search of a Midnight Kiss,2007,"Comedy, Romance",90,7.2
tt0990404,Chop Shop,2007,Drama,84,7.3
tt0992911,Dou foh sin,2007,"Action, Crime, Thriller",88,6.8
tt0993748,Bluff,2007,Comedy,88,7.4
tt0994917,Adventure Scouts,2010,"Action, Adventure, Comedy",83,6
tt0995712,Buick Riviera,2008,Drama,86,6.3
tt0995829,"XXY - Uomini, donne o tutti e due?",2007,"Drama, Romance",86,7.1
tt0996661,Tsiou...,2005,Comedy,83,7
tt0996918,Barcelona (un mapa),2007,Drama,90,6
tt0996930,Deux jours à tuer,2008,"Drama, Romance",85,7.1
tt0997039,Caixa Dois,2007,Comedy,90,6
tt0997062,Foreldrar,2007,Drama,87,7
tt0999905,Nailed,2007,"Action, Comedy, Horror",85,6.8
tt0999917,Ticalosii,2007,Drama,87,7.2
tt1000129,Megher Pore Megh,2004,"History, War",90,7.3
tt1001412,UPA! Una película argentina,2007,"Comedy, Drama",90,6.2
tt1002539,Liverpool,2008,Drama,84,6.3
tt1002759,Dos abrazos,2007,Drama,87,6.4
tt1003034,Perrier's Bounty,2009,"Action, Comedy, Crime",88,6.4
tt1010313,Hardcover,2008,"Comedy, Crime",88,6.5
tt1010455,Small Gods,2007,"Drama, Thriller",90,6.5
tt1012757,Loins of Punjab Presents,2007,"Comedy, Music",88,7
tt1015456,Adopt a Sailor,2008,Drama,85,7.1
tt1015477,Turn Around,2007,Drama,85,6
tt1016301,La habitación de Fermat,2007,"Mystery, Thriller",89,6.7
tt1018764,One Piece - L'isola segreta del barone Omatsuri,2005,"Animation, Action, Adventure",88,7.2
tt1018809,Ye. leung heun,2007,"Crime, Drama",90,6.3
tt1023342,Of Boys and Men,2008,Drama,90,6
tt1023346,True Adolescents,2009,"Comedy, Drama",88,6.1
tt1023500,Doghouse,2009,"Comedy, Horror, Sci-Fi",89,6
tt1024962,Ftasamee!...,2004,"Comedy, Music",90,6.5
tt1027658,Absurdistan,2008,Comedy,88,6.7
tt1029134,Birds of America,2008,"Comedy, Drama",85,6.1
tt1031951,PVC-1,2007,"Drama, Thriller",85,6.7
tt1032764,Violanchelo,2008,"Romance, Thriller",85,6.3
tt1032856,La banda,2007,"Comedy, Drama, Music",87,7.5
tt1034388,Du bist nicht allein,2007,"Comedy, Drama, Romance",90,6.5
tt1037061,Frei nach Plan,2007,"Comedy, Drama",90,6.2
tt1037116,One Piece: Un'amicizia oltre i confini del mare,2007,"Animation, Action, Adventure",90,7.1
tt1039790,Nanayomachi,2008,Drama,90,6.9
tt1039889,Citulja za Eskobara,2008,"Comedy, Crime",90,6.3
tt1040028,The Orange Thief,2007,Comedy,84,6.2
tt1046183,Mirageman,2007,"Action, Comedy, Crime",90,7.1
tt1049402,Urlo,2010,"Biography, Drama, Romance",84,6.7
tt1050729,Mi novia está... de madre!,2007,"Comedy, Romance",90,6.6
tt1054113,Kandidaten,2008,Thriller,90,6.2
tt1054116,Den siste revejakta,2008,"Comedy, Crime, Drama",90,6.3
tt1056231,Pescuit sportiv,2008,Drama,84,7.1
tt1058748,Sankara,2007,Drama,87,7
tt1059233,The Strength of Water,2009,Drama,86,6.6
tt1060277,Cloverfield,2008,"Action, Adventure, Horror",85,7
tt1064926,Cordero de Dios,2008,Drama,90,6.7
tt1067104,Burlesque Fairytales,2009,"Drama, Thriller",83,6.1
tt1071201,Bloedbroeders,2008,Thriller,90,6.5
tt1077252,Mikro eglima,2008,"Comedy, Crime, Drama",85,6
tt1077274,Cheon-nyeon-yeo-woo-yeo-woo-bi,2007,"Animation, Fantasy",86,6.8
tt1080647,"Martín Fierro, La Película",2007,"Animation, Action, Adventure",88,7
tt1082885,Vnuk Gagarina,2007,Comedy,85,6
tt1083450,Dummy,2008,Drama,86,6.9
tt1083456,Fired Up! - Ragazzi pon pon,2009,"Comedy, Sport",90,6.1
tt1083470,The Rainbow Tribe - Tutto può accadere,2008,"Comedy, Family",90,6.1
tt1084045,Swopnodanay,2007,Drama,84,7.1
tt1085491,Postales de Leningrado,2007,Drama,85,6.7
tt1085862,El rey de la montaña,2007,Thriller,90,6.2
tt1087453,Het echte leven,2008,Drama,87,6.7
tt1087527,Trucker,2008,Drama,90,6.6
tt1087872,The Timekeeper,2009,"Adventure, Drama",90,6.3
tt1087899,Rancho aparte,2007,"Comedy, Drama",90,6.5
tt1091999,Eszter hagyatéka,2008,Drama,90,6.6
tt1092019,TBS,2008,"Crime, Thriller",88,7.1
tt1093374,Leaving Barstow,2008,Drama,85,6.1
tt1093902,Louis,2010,Drama,90,6.5
tt1094629,Contro ogni speranza,2007,Drama,89,7
tt1094635,Geomen tangyi sonyeo oi,2007,Drama,90,6.9
tt1095427,Skin,2008,"Drama, History",85,6.8
tt1096986,Reach for Me,2008,"Comedy, Drama",90,6.4
tt1097267,Tirador,2007,"Crime, Drama",86,6.7
tt1098199,Corto Maltese - Una ballata del mare salato,2002,"Animation, Adventure, Drama",87,7.2
tt1101675,Sul lago Tahoe,2008,Drama,89,6.7
tt1104080,Kleftes,2007,"Comedy, Thriller",90,6
tt1104126,Shifty,2008,"Crime, Drama, Thriller",85,6.5
tt1105263,Bleach: Memories of Nobody,2006,"Animation, Action, Adventure",87,7.2
tt1105753,Bobule,2008,Comedy,90,6.5
tt1107319,Dirty Girl,2010,"Comedy, Drama",90,6.4
tt1107860,The Maiden Heist - Colpo grosso al museo,2009,"Comedy, Crime",90,6.1
tt1109488,Mars,2010,"Animation, Comedy, Sci-Fi",90,6
tt1112116,Lastochki prileteli,2007,Drama,90,6.5
tt1114723,Mannen som elsket Yngve,2008,"Comedy, Drama, Music",90,7
tt1118045,Tamo i ovde,2009,"Comedy, Drama",85,6.3
tt1121985,Pinoy Sunday,2009,"Comedy, Drama",84,6.6
tt1124394,Sauna,2008,Horror,83,6.3
tt1129404,L'alba di un vecchio giorno,2010,Drama,89,6
tt1130087,16 to Life,2009,"Comedy, Romance",89,6.3
tt1130765,Tricks.,2007,"Comedy, Drama",90,6.9
tt1132573,Apron Strings,2008,Drama,90,6.6
tt1133617,Vermist,2007,"Crime, Drama, Thriller",86,6.3
tt1133989,Medicine for Melancholy,2008,"Drama, Romance",88,6.7
tt1134860,É Proibido Fumar,2009,"Drama, Romance, Thriller",89,6.7
tt1135522,Ken il guerriero - La leggenda di Raoul,2007,"Animation, Action",85,7.1
tt1139319,A Film with Me in It,2008,"Comedy, Thriller",89,6.7
tt1139666,La última y nos vamos,2009,Drama,90,6.2
tt1139803,Je me souviens,2009,Drama,86,6.6
tt1141306,Due vite per caso,2010,Drama,88,6.2
tt1142804,Viaggio nella vertigine,2009,"Biography, Drama",90,6.8
tt1142826,Diorthosi,2007,Drama,87,6.1
tt1143155,Na-moo-eobs-neun san,2008,Drama,89,7
tt1146327,Tausend Ozeane,2008,Drama,83,6.9
tt1147516,Doraemon: Nobita no Wan Nyan Jikûden,2004,"Animation, Adventure, Comedy",89,6.9
tt1148165,Bran Nue Dae,2009,"Comedy, Drama, Musical",85,6.2
tt1149379,Crayon Shin-chan: Arashi wo Yobu Eikou no Yakiniku Road,2003,"Animation, Adventure, Comedy",88,6.6
tt1149615,Ara,2008,Drama,89,6.7
tt1151923,Rabia,2009,"Romance, Thriller",89,6.3
tt1156398,Benvenuti a Zombieland,2009,"Adventure, Comedy, Fantasy",88,7.6
tt1157552,Huacho,2009,Drama,89,6.5
tt1161418,Gentlemen Broncos,2009,"Adventure, Comedy, Sci-Fi",89,6.2
tt1161732,Darpan Chhaya,2001,"Drama, Musical, Romance",90,7.1
tt1164985,A Quiet Little Marriage,2008,Drama,90,6.1
tt1172571,The Children,2008,"Horror, Mystery, Thriller",84,6
tt1173686,A-leum-dab-da,2008,Drama,88,6.6
tt1174035,Echte Wiener - Die Sackbauer-Saga,2008,"Comedy, Drama",90,6.6
tt1176686,Mein Freund aus Faro,2008,Drama,90,6.5
tt1176928,25 kilates,2008,Thriller,86,6.2
tt1176933,"Evet, ich will!",2008,"Comedy, Romance",90,6.5
tt1176958,Ladrones a Domicilio,2008,"Adventure, Comedy, History",88,6.3
tt1176963,Weekend cu mama,2009,Drama,87,7.1
tt1179443,La vergüenza,2009,Drama,90,6.6
tt1179904,Paranormal Activity,2007,"Horror, Mystery, Thriller",86,6.3
tt1180323,Wo jiao Liu Yue Jin,2008,Drama,85,6.3
tt1183942,Parque vía,2008,Drama,86,6.8
tt1186656,Kacheli,2008,Drama,84,6.6
tt1186818,Paper Covers Rock,2008,Drama,90,6.6
tt1188113,Peacock,2010,"Drama, Thriller",90,6.2
tt1188990,Fritt vilt II,2008,"Horror, Thriller",86,6.2
tt1189350,The New Year Parade,2008,Drama,85,6.6
tt1190072,The Hunter,2010,"Drama, Thriller",90,6.3
tt1190073,Jermal,2008,Drama,88,6.8
tt1190536,Black Dynamite,2009,"Action, Comedy",84,7.4
tt1190545,Gekijô-ban Dôbutsu no Mori,2006,"Animation, Comedy, Family",87,6.5
tt1191140,Zion Ve Ahiv,2009,Drama,84,6.1
tt1194242,Le vilain,2009,Comedy,86,6.3
tt1194437,Rats and Cats,2007,"Comedy, Drama",87,6.1
tt1194620,Nunta muta,2008,"Comedy, Drama, History",87,7.9
tt1196340,Una tragica scelta,2010,"Drama, Thriller",83,6.6
tt1198144,Summer,2008,Drama,83,6.8
tt1198408,Una cattedra per due,2008,"Comedy, Drama",89,6.1
tt1200274,One Too Many Mornings,2010,"Comedy, Drama",90,6.3
tt1202514,Accident,2009,"Mystery, Thriller",89,6.6
tt1205004,Quanto Dura o Amor?,2009,"Drama, Romance",83,6.3
tt1215458,Box Elder,2008,Comedy,89,6.7
tt1217631,Solo un padre,2008,"Comedy, Romance",89,6.6
tt1218038,The President Is Coming,2009,Comedy,90,6.8
tt1218510,The Red Machine,2009,"Adventure, Crime, Drama",84,6.1
tt1220633,Pastor Brown,2009,"Drama, Family",88,6.3
tt1221141,La donna senza testa,2008,"Drama, Mystery, Thriller",87,6.5
tt1224373,Slovenka,2009,Drama,90,6.2
tt1225290,Quattro notti con Anna,2008,"Crime, Drama, Horror",87,6.8
tt1225296,Serbis,2008,"Drama, Romance",87,6.2
tt1225698,The Nail: The Story of Joey Nardone,2009,Drama,90,6.2
tt1227787,London River,2009,"Drama, Mystery",84,6.8
tt1228953,Big Fan,2009,"Comedy, Crime, Drama",88,6.7
tt1230204,Le avventure di Sammy,2010,"Animation, Adventure, Family",88,6.1
tt1230387,Just Peck,2009,"Comedy, Family",90,6.1
tt1233227,Saw VI,2009,"Horror, Mystery",90,6
tt1233487,No mires para abajo,2008,"Drama, Romance",85,6
tt1233499,Tin shui wai dik yat yu ye,2008,Drama,90,7.4
tt1233576,Reykjavík-Rotterdam,2008,Thriller,88,6.7
tt1233579,Trail of Crumbs,2008,Drama,86,6.5
tt1235142,Last Ride,2009,Drama,90,6.7
tt1235200,Mercy,2009,"Drama, Romance",87,6.1
tt1235424,Ganz nah bei Dir,2009,"Comedy, Drama",88,6.7
tt1236242,Kikareta onna no mirareta yoru,2006,"Drama, Romance, Thriller",84,6.4
tt1236370,Long nga,2008,"Action, Romance, Thriller",89,6.1
tt1238291,L'ombra della vendetta,2009,"Drama, Thriller",89,6.6
tt1238298,"On the Other Hand, Death",2008,"Crime, Drama, Mystery",86,6.3
tt1239285,Questione di punti di vista,2009,"Comedy, Drama",84,6.1
tt1239357,Father in Israel,2009,"Drama, Family",90,6.1
tt1239435,Fiksi.,2008,Thriller,90,7.5
tt1239438,Française,2008,Drama,84,6.3
tt1239446,De laatste dagen van Emma Blank,2009,"Comedy, Drama",89,6.8
tt1242423,Il diario di Vanessa,2009,Comedy,87,6.5
tt1245112,[Rec]²,2009,"Action, Adventure, Fantasy",85,6.5
tt1245721,Kolekcioniere,2008,Drama,84,7.1
tt1245776,Lo siniestro,2009,"Horror, Mystery",88,6
tt1247644,Breaking Upwards,2009,Romance,88,6.2
tt1247700,Un panda per amico,2009,"Adventure, Family",87,6.4
tt1251360,The Nothing Men,2010,"Drama, Thriller",83,6.2
tt1252516,Rosa Morena,2010,Drama,90,6.2
tt1253859,Road to Hell,2008,"Action, Fantasy, Musical",87,6.2
tt1254792,Utolsó idök,2009,Drama,90,6.4
tt1258123,A Matter of Size,2009,"Comedy, Drama, Romance",90,6.9
tt1260502,Ghost in the Shell 2.0,2008,"Animation, Action, Adventure",83,8
tt1261397,Köprüdekiler,2009,Drama,87,6.6
tt1263793,Links,2008,Drama,83,6.1
tt1264909,Tres dies amb la família,2009,Drama,86,6.7
tt1267498,Gli amici del bar Margherita,2009,"Comedy, Drama, Romance",90,6
tt1270702,Un lac,2008,Drama,90,6.6
tt1270799,Het zusje van Katia,2008,Drama,85,6.3
tt1273202,"Cekaj me, ja sigurno necu doci",2009,"Drama, Romance",90,7.1
tt1273658,Elevator,2008,"Comedy, Drama",85,6.4
tt1274738,Rysa,2008,Drama,89,6.4
tt1278336,Divã,2009,"Comedy, Drama, Romance",90,6.4
tt1279935,Notte folle a Manhattan,2010,"Comedy, Crime, Romance",88,6.3
tt1280553,Un autre homme,2008,Drama,89,6.4
tt1281383,Pedro,2008,Drama,90,6.8
tt1282152,L'enfance du mal,2010,"Drama, Thriller",90,6.1
tt1285144,La ventana,2008,Drama,85,6.7
tt1285152,Die zweite Frau,2008,Drama,87,7.1
tt1286135,Cristiano de la secreta,2009,Comedy,90,6.5
tt1286151,I taket lyser stjärnorna,2009,Drama,90,6.1
tt1286809,La journée de la jupe,2008,Drama,87,6.9
tt1288482,Landscape n.2,2008,"Crime, Thriller",90,6.4
tt1289420,One Day Removals,2008,Comedy,85,6.8
tt1289432,SM-rechter,2009,"Biography, Drama",90,6.7
tt1291125,Yi ye Taibei,2010,"Comedy, Crime, Drama",85,6.5
tt1294193,Någon Annanstans,2009,"Drama, Romance",87,6.9
tt1294213,Solitary Man,2009,"Comedy, Drama, Romance",90,6.3
tt1295075,La vida empieza hoy,2010,Comedy,90,6.1
tt1297389,Günesin Oglu,2008,"Comedy, Fantasy",89,7.1
tt1303707,Ein Shams,2008,Drama,90,6.7
tt1305678,Genius Party Beyond,2008,Animation,85,7.1
tt1305714,Make the Yuletide Gay,2009,"Comedy, Romance",89,6.6
tt1305766,Thicker Than Water: The Vampire Diaries Part 1,2008,"Fantasy, Horror",86,6.2
tt1305778,Zarte Parasiten,2009,"Drama, Romance",87,6.1
tt1305798,Ostavljeni,2010,Drama,88,6.4
tt1308165,The Taqwacores,2010,"Drama, Music",83,6
tt1309557,Eamon,2009,"Comedy, Romance",86,6.1
tt1314237,Il primo bacio,2009,"Comedy, Drama, Romance",90,6.4
tt1314241,Simon & Malou,2009,"Comedy, Romance",90,6
tt1314269,Applaus,2009,Drama,85,6.7
tt1315214,Hannah Free,2009,"Drama, Romance",86,6.4
tt1315962,L'amante inglese,2009,"Crime, Drama, Romance",85,6.2
tt1316536,The Loved Ones,2009,"Horror, Thriller",84,6.6
tt1318029,Neka ostane medju nama,2010,"Comedy, Drama",87,6.6
tt1318067,Oveja negra,2009,"Action, Adventure",85,6.4
tt1319032,Il Sogno di Mary,2009,"Comedy, Drama, Sport",86,6
tt1319553,1 and 0 nly,2008,"Drama, Fantasy, Mystery",84,6.8
tt1319695,"31 minutos, la película",2008,"Animation, Adventure, Comedy",87,6.8
tt1320352,Nothing Personal,2009,Drama,85,7
tt1322282,Children of Invention,2009,Drama,86,6.4
tt1322346,Miss Kicki,2009,Drama,88,6.6
tt1324062,Zoomerne,2009,Family,88,6.1
tt1326181,Bergfest,2008,Drama,89,6.6
tt1326238,Backlight,2010,"Drama, Mystery, Sci-Fi",90,6.2
tt1330186,Dal-lyeo-la ja-jeon-geo,2008,"Drama, Romance",88,6.2
tt1331064,Paper Heart,2009,"Comedy, Drama, Romance",88,6
tt1331126,Victoria Day,2009,Drama,88,6.5
tt1332054,Cosmonauta,2009,Comedy,85,6.5
tt1332100,The Big Gay Musical,2009,"Comedy, Drama, Music",87,6.4
tt1337024,Son of the Sunshine,2009,Drama,88,6.5
tt1337057,Rampage,2009,"Action, Crime, Thriller",85,6.2
tt1337060,Se min kjole,2009,Drama,85,6.2
tt1337366,Nokas,2010,"Action, Biography, Crime",87,6.5
tt1339063,The Ceremony,2008,"Drama, Mystery, Thriller",84,6
tt1339161,Il rapinatore,2010,"Biography, Crime, Drama",90,6.8
tt1339303,"Gelatin Silver, Love",2009,Thriller,87,6.1
tt1340108,Killer Bean Forever,2009,"Animation, Action, Comedy",85,6.5
tt1340552,Big Story in a Small City,2006,Comedy,90,7.2
tt1342392,Kdopak by se vlka bál,2008,Family,90,6.8
tt1345469,Hamesh Shaot me'Pariz,2009,Drama,87,7
tt1345512,Savage,2009,"Crime, Drama, Thriller",88,6.4
tt1346961,The Eclipse,2009,"Drama, Horror, Romance",88,6.1
tt1347006,"Sing kung chok tse 2: Ngor but mai suen, ngor mai chi gung",2008,Drama,90,6.4
tt1347509,At Home by Myself... with You,2009,Comedy,90,6.5
tt1349640,The Perfect Gift,2009,Drama,89,7
tt1353105,Rien de personnel,2009,Drama,90,6.3
tt1356753,Eagle Hunter's Son,2009,"Drama, Family",90,6.4
tt1356860,Un ange à la mer,2009,Drama,86,6.4
tt1360887,Sweet Rush,2009,Drama,85,6.4
tt1361541,Fais-moi plaisir!,2009,Comedy,90,6.4
tt1364497,Stella's oorlog,2009,Drama,90,6.4
tt1365482,L'estate di Martino,2010,Drama,90,6.4
tt1365491,Norberto apenas tarde,2010,Comedy,85,6.3
tt1366981,Uzak Ihtimal,2009,Drama,90,7
tt1368439,Gagma napiri,2009,Drama,90,7.7
tt1369647,Christmas Angel,2009,"Comedy, Drama, Romance",87,6.6
tt1373243,Tarif Novogodniy,2008,"Comedy, Fantasy, Romance",83,6.3
tt1373406,Il Guinness dei pupazzi di neve,2010,"Comedy, Family",86,6.1
tt1374958,Die Standesbeamtin,2009,"Comedy, Romance",90,6.4
tt1376195,Django Gunless,2010,"Action, Comedy, Drama",89,6.5
tt1376422,Jean Gentil,2010,Drama,84,6.8
tt1382627,Harufuwei,2009,"Drama, Romance",85,6.4
tt1388390,The Best Bar in America,2009,"Adventure, Western",89,7
tt1388427,Zivot i smrt porno bande,2009,"Adventure, Drama, Horror",90,6
tt1388924,Ya,2009,Drama,88,6.2
tt1389083,Kenjac,2009,Drama,90,6.6
tt1392261,Verônica,2008,"Crime, Drama",90,6.5
tt1392888,Daniel & Ana,2009,"Drama, Thriller",90,6.2
tt1399198,Kara Köpekler Havlarken,2009,Drama,88,6.4
tt1401143,Trasporto eccezionale - Un racconto di Natale,2010,"Adventure, Fantasy, Horror",84,6.7
tt1401669,La petite chambre,2010,Drama,87,6.9
tt1403846,Alting Bliver Godt Igen,2010,"Drama, Thriller",90,6.1
tt1403983,Otra película de huevos y un pollo,2009,"Animation, Action, Adventure",90,6.1
tt1404022,Castro,2009,"Drama, Mystery",85,6.3
tt1406154,A Greater Yes: The Story of Amy Newhouse,2009,Drama,84,6.4
tt1417054,Vreemd bloed,2010,Drama,87,6.7
tt1417097,Boys Love gekijouban,2007,Drama,88,6
tt1421029,Carol I,2009,"Biography, Drama, History",90,6.9
tt1422122,Racconti dell'età dell'oro,2009,"Comedy, History",90,7.8
tt1423593,The Imperialists Are Still Alive!,2010,Drama,90,6
tt1424081,Yomigaeri no chi,2009,Drama,83,6.4
tt1425926,Giulias Verschwinden,2009,Comedy,87,6.6
tt1426352,Amer,2009,"Horror, Thriller",90,6.2
tt1426361,Iztochni piesi,2009,Drama,83,7.2
tt1426368,Irène,2009,Drama,83,6.9
tt1427091,Odna voyna,2009,Drama,89,6.2
tt1428457,Kohtaamisia,2009,Drama,86,6.7
tt1429313,Africa United,2010,"Adventure, Comedy, Drama",88,6.5
tt1430137,Blessed,2008,Drama,83,6.2
tt1431223,Bist,2009,Drama,85,6.5
tt1431261,Khake ashena,2008,Drama,90,6.3
tt1431296,Otobuse shab,2007,"Drama, Romance, War",90,6.8
tt1431314,Shabe Yalda,2001,Drama,85,7.1
tt1433322,Nokta,2008,"Crime, Drama, Thriller",85,6.7
tt1437361,Le mac,2010,"Comedy, Crime",90,6.1
tt1438466,Mamma Gógó,2010,Drama,90,6.6
tt1440278,Rozygrysh,2008,Drama,84,6
tt1442223,Das Sandmännchen - Abenteuer im Traumland,2010,"Animation, Adventure, Comedy",83,6.2
tt1442257,La pasión de Gabriel,2008,Drama,86,7
tt1444262,Gorbaciof,2010,"Crime, Drama",85,6.4
tt1446130,Palata N°6,2009,Drama,83,6.3
tt1446206,Volchok,2009,Drama,88,7
tt1446208,Ways to Live Forever,2010,"Drama, Family",90,7
tt1447480,Bones,2010,Drama,88,6.7
tt1451395,Lou,2010,Drama,86,6.5
tt1451620,Joi sang ho,2009,"Drama, Fantasy",85,6
tt1453408,Akasa Kusum,2008,Drama,90,7
tt1453967,Cheung Gong 7 hou: Oi dei kau,2010,Animation,83,6
tt1455810,Happy Family,2010,Comedy,90,6.6
tt1465522,Tucker and Dale vs Evil,2010,"Comedy, Horror",89,7.5
tt1465854,Stationspiraten,2010,Drama,90,7
tt1467290,Retornos,2010,Thriller,88,6.3
tt1467299,Shin angyo onshi,2004,"Animation, Action, Fantasy",87,6.3
tt1467385,Lang & gelukkig,2010,"Comedy, Fantasy, Music",90,6.9
tt1468321,Higashi no Eden Gekijôban II: Paradise Lost,2010,"Animation, Action, Comedy",90,7
tt1468700,40,2009,Drama,89,6.6
tt1482161,Jasmina,2010,Drama,89,6.8
tt1483020,Spork,2010,Comedy,86,6.8
tt1483778,La reine des pommes,2009,"Comedy, Drama, Musical",84,6.1
tt1488574,Keeper'n til Liverpool,2010,Comedy,90,6.6
tt1493829,Sirta la gal ba,2009,Drama,88,6.9
tt1494810,Phobidilia,2009,Drama,87,6.7
tt1499678,Filme do Desassossego,2010,Drama,90,6.5
tt1500140,Brecha,2009,Drama,89,6.9
tt1500177,Dooman River,2010,Drama,90,6.6
tt1500906,Vampires,2010,"Comedy, Fantasy, Horror",88,6.3
tt1502422,Johnny,2010,"Drama, Family",88,6.4
tt1503777,Illégal,2010,Drama,90,6.8
tt1504398,Heiran,2009,"Drama, Romance",85,6.7
tt1504429,Il rifugio,2009,Drama,88,6.4
tt1508290,Caterpillar,2010,"Drama, History, War",85,6.7
tt1509797,D'amour et d'eau fraîche,2010,Drama,85,6
tt1509803,Griff the Invisible,2010,"Comedy, Drama, Romance",90,6.1
tt1513755,Dog Sweat,2010,Drama,90,6.5
tt1513914,Sonhos Roubados,2009,Drama,85,6.2
tt1514418,Karat 14,2009,"Crime, Drama",87,6
tt1515202,Lan,2009,Drama,85,7.1
tt1517145,Jageun yeonmot,2009,"Drama, War",86,6.5
tt1517148,Gjallë,2009,Drama,90,6.4
tt1517214,Le bruit des glaçons,2010,"Comedy, Drama",87,6.2
tt1517238,Rompecabezas,2010,Drama,87,6.7
tt1522156,Mark of Love,2009,"Comedy, Romance",86,6.5
tt1523406,Alza la testa,2009,Drama,86,6.8
tt1524148,All My Friends Are Funeral Singers,2010,"Comedy, Drama, Music",84,6.3
tt1525888,Satte Farben vor Schwarz,2010,Drama,85,6.3
tt1525898,The Space Between,2010,Drama,90,6.6
tt1526578,"Ao, le dernier Néandertal",2010,"Adventure, History",84,6.4
tt1527679,Nasty Old People,2009,Drama,84,6.7
tt1528042,Cealalta Irina,2009,"Drama, Thriller",90,7
tt1537967,The Watercolor,2009,Animation,84,6.8
tt1538221,Angèle e Tony,2010,Drama,83,6.5
tt1543004,Der letzte Angestellte,2010,Horror,88,6.2
tt1543701,Quchis dgeebi,2010,Drama,89,7.7
tt1544592,Por el camino,2010,"Drama, Romance",85,6.8
tt1555747,Fubar II,2010,Comedy,85,6.7
tt1560139,Boy,2010,"Comedy, Drama",87,7.5
tt1560987,The Trouble with Terkel,2010,"Animation, Comedy, Drama",87,7.1
tt1566001,@urFRENZ,2010,Drama,90,6
tt1567128,Kom niet aan mijn kinderen,2010,"Drama, Thriller",85,6.5
tt1571565,Bay rong,2009,"Action, Crime, Thriller",90,6
tt1576402,Inuk,2010,"Adventure, Drama",90,6.9
tt1576406,Eva y Lola,2010,"Drama, Music, Romance",87,6.1
tt1576452,Por tu culpa,2010,Drama,87,6.7
tt1576458,San Martín: El cruce de Los Andes,2010,"Action, Adventure, Biography",90,6.9
tt1581322,La Yuma,2009,"Action, Drama",90,6.5
tt1581622,Anubis en de wraak van Arghus,2009,Family,84,6.2
tt1584729,Shahada,2010,Drama,88,6.1
tt1592292,Zero 2,2010,"Comedy, Thriller",90,7.6
tt1593295,Un soffio di vita,2009,Drama,88,6.2
tt1593807,Twisted Seduction,2010,"Comedy, Romance, Thriller",85,6.2
tt1598496,Fyra år till,2010,"Comedy, Drama, Romance",87,6.3
tt1598538,Im Schatten,2010,"Crime, Drama",86,6.8
tt1600419,La scomparsa di Patò,2010,"Crime, Drama, Mystery",90,6.5
tt1605765,The Happy Poet,2010,"Comedy, Drama, Romance",85,6.1
tt1608285,Littlerock,2010,Drama,83,6.1
tt1608782,My Brothers,2010,Drama,87,6.8
tt1609122,L'apprendista mago,2010,"Comedy, Family, Fantasy",90,6.6
tt1615916,You Should Meet My Son!,2010,"Comedy, Romance",85,6.7
tt1617250,Gone with the Pope,2010,Crime,83,6.4
tt1618421,White Lion,2010,"Drama, Family",88,6.7
tt1618450,Winx Club 3D: Magica avventura,2010,Animation,87,6.3
tt1619037,Nice Guy Johnny,2010,"Comedy, Romance",89,6.2
tt1624408,Trigger,2010,Drama,83,6
tt1629251,Des filles en noir,2010,Drama,85,6.2
tt1630575,I segreti della lettera,2010,"Drama, Family",87,6.3
tt1634334,Tutti per uno,2010,Drama,90,6.1
tt1636833,Siyah Beyaz,2010,Drama,90,6.1
tt1637679,Dalla vita in poi,2010,Comedy,85,6.3
tt1639320,Ab va Atash,2001,Drama,89,6.1
tt1646118,Octubre,2010,Drama,83,6.4
tt1646127,Simon Werner a disparu...,2010,"Drama, Mystery, Thriller",87,6.4
tt1646221,Periferic,2010,"Drama, Thriller",87,6.7
tt1646975,Le quattro volte,2010,Drama,88,7.2
tt1648112,New Kids Turbo,2010,"Action, Comedy",84,6.4
tt1648174,Beyond the Steppes,2010,Drama,90,6.2
tt1649760,The Film Emotional Atyachar,2010,"Comedy, Crime, Drama",87,6
tt1651328,Our Day Will Come,2010,Drama,90,6.2
tt1663680,The Encounter,2010,Drama,85,6.8
tt1664892,Sykt lykkelig,2010,"Comedy, Drama",85,6.5
tt1666165,Naomi,2010,Drama,90,6
tt1667100,Per sfortuna che ci sei,2010,"Comedy, Romance",87,6.1
tt1667333,Riscado,2010,Drama,85,6.9
tt1667460,10ml LOVE,2010,"Comedy, Drama, Romance",87,6.4
tt1668102,Punane elavhõbe,2010,"Crime, Drama, History",86,6.1
tt1670632,Der letzte schöne Herbsttag,2010,"Comedy, Drama, Romance",85,6.8
tt1672078,La Vida de los Peces,2010,"Drama, Romance",84,6.8
tt1674050,Chrzest,2010,"Drama, Thriller",86,6.7
tt1675197,Zohi Sdom,2010,"Comedy, History",90,6.6
tt1678044,Frits en Freddy,2010,Comedy,89,6.3
tt1683466,Gatos Viejos,2010,Drama,89,6.8
tt1686313,I rymden finns inga känslor,2010,"Comedy, Drama, Romance",85,7.1
tt1695823,To,2009,"Animation, Action, Adventure",85,6
tt1700455,Cerro Bayo,2010,"Comedy, Drama",86,6.4
tt1703048,Naruto Shippuden il film: La torre perduta,2010,"Animation, Action, Adventure",85,7
tt1703049,Trigun: Badlands Rumble,2010,"Animation, Action, Sci-Fi",90,7.5
tt1706679,Et in terra pax,2010,"Crime, Drama",89,6.4
tt1710397,Junjô,2010,"Drama, Romance",87,6
tt1711465,Dik Trom,2010,Family,85,6.1
tt1714667,La BM du Seigneur,2010,Drama,84,6.2
tt1715853,Los colores de la montaña,2010,Drama,90,7.1
tt1722515,Tornando a casa per Natale,2010,"Comedy, Drama",90,6.2
tt1723012,L'amore inatteso,2010,Drama,89,6.2
tt1724553,Il primo incarico,2010,Drama,90,6.5
tt1730140,Sumarlandið,2010,"Comedy, Fantasy",85,6
tt1730186,Belvedere,2010,Drama,90,6.7
tt1730749,Ziteitai pseftis,2010,Comedy,87,6
tt1734113,Omae umasoudana,2010,"Animation, Action, Adventure",89,7.3
tt1746183,Kochegar,2010,"Crime, Drama",87,6.7
tt1756479,Die Farbe,2010,"Drama, Horror, Mystery",86,6.5
tt1757940,Çakal,2010,Crime,86,6.6
tt1762364,The Trashmaster,2010,"Animation, Action",90,6.5
tt1778258,Fuk sau che ji sei,2010,"Crime, Mystery, Thriller",90,6.8
tt1781853,Malu de Bicicleta,2010,Romance,90,6.3
tt1782568,Yolki,2010,Comedy,90,6.2
tt1794796,Gekijouban Inazuma irebun: Saikyou gundan Ôga shuurai,2010,"Animation, Sport",90,6.6
tt1800312,Kai apkabinsiu tave,2010,Drama,90,6.9
tt1801844,Zwerbowana milosc,2010,"Action, Drama, Romance",86,6.3
tt1805263,I Am Kalam,2010,"Comedy, Drama, Family",88,8
tt1810510,4-kyo-si Choo-ri-yeong-yeok,2009,"Action, Crime, Drama",86,6.1
tt1810574,Desenrola,2010,Family,88,6.1
tt1813179,Belgrano,2010,"Biography, Drama, History",90,6.4
tt1817236,Podslon,2010,"Comedy, Drama",88,6.9
tt1844678,Hich,2010,"Comedy, Drama",84,6.9
tt1857819,Parse Dar Meh,2010,Drama,87,6.7
tt2100562,Kyoto Story,2010,Drama,90,6.5
tt2180441,Kureyon Shinchan: Arashi o Yobu Janguru!,2000,"Animation, Action, Comedy",88,6.9
tt2342249,Paskutiniai Bremeno muzikantai,2005,Musical,90,8
tt2653232,Pyat butylok vodki,2001,Horror,90,6.3
tt3359366,Hermanoteu na Terra de Godah,2009,"Adventure, Comedy",88,7.8
tt3492080,Cinematic Titanic: Danger on Tiki Island,2010,Comedy,88,7.4
tt3985970,Khoda Nazdik Ast,2007,Drama,90,6.7
tt5254458,The Belly of the Beast,2008,Horror,89,7.9
tt6112220,Vidas Em Paralelo,2010,"Comedy, Crime, Drama",85,7
tt6693930,Neghab,2005,"Drama, Mystery",90,6.1
tt7145012,Nofozi,2010,"Thriller, War",84,6.1
